"country_code","subdivision_name","code"
"AD","ANDORRA LA VELLA","AD-07"
"AD","SANT JULIA DE LORIA","AD-06"
"AD","ORDINO","AD-05"
"AD","LA MASSANA","AD-04"
"AD","ESCALDES-ENGORDANY","AD-08"
"AD","ENCAMP","AD-03"
"AD","CANILLO","AD-02"
"AE","UMM AL QUWAIN","AE-UQ"
"AE","SHARJAH","AE-SH"
"AE","RAS AL KHAIMAH","AE-RK"
"AE","FUJAIRAH","AE-FU"
"AE","DUBAI","AE-DU"
"AE","AJMAN","AE-AJ"
"AE","ABU DHABI","AE-AZ"
"AF","ORUZGAN","AF-URU"
"AF","NURESTAN","AF-NUR"
"AF","NIMRUZ","AF-NTM"
"AF","NANGARHAR","AF-NAN"
"AF","LOWGAR","AF-LOG"
"AF","LAGHMAN","AF-LAG"
"AF","KONDOZ","AF-KDZ"
"AF","PAKTIA","AF-PIA"
"AF","PAKTIKA","AF-PKA"
"AF","PANJSHIR","AF-PAN"
"AF","PARVAN","AF-PAR"
"AF","SAMANGAN","AF-SAM"
"AF","SAR-E POL","AF-SAR"
"AF","TAKHAR","AF-TAK"
"AF","VARDAK","AF-WAR"
"AF","ZABOL","AF-ZAB"
"AF","KONAR","AF-KNR"
"AF","KHOWST","AF-KHO"
"AF","BADAKHSHAN","AF-BDS"
"AF","BADGHIS","AF-BDG"
"AF","BAGHLAN","AF-BGL"
"AF","BALKH","AF-BAL"
"AF","BAMIAN","AF-BAM"
"AF","DAYKONDI","AF-DAY"
"AF","FARAH","AF-FRA"
"AF","FARYAB","AF-FYB"
"AF","GHAZNI","AF-GHA"
"AF","KAPISA","AF-KAP"
"AF","KANDAHAR","AF-KAN"
"AF","KABOL","AF-KAB"
"AF","JOWZJAN","AF-JOW"
"AF","HERAT","AF-HER"
"AF","HELMAND","AF-HEL"
"AF","GHOWR","AF-GHO"
"AG","SAINT PAUL","AG-06"
"AG","SAINT MARY","AG-05"
"AG","SAINT JOHN","AG-04"
"AG","ANTIGUA AND BARBUDA","AG-10"
"AL","VLORE","AL-12"
"AL","TIRANE","AL-11"
"AL","SHKODER","AL-10"
"AL","LEZHE","AL-08"
"AL","KUKES","AL-07"
"AL","KORCE","AL-06"
"AL","GJIROKASTER","AL-05"
"AL","BERAT","AL-01"
"AL","DIBER","AL-09"
"AL","DURRES","AL-02"
"AL","ELBASAN","AL-03"
"AL","FIER","AL-04"
"AM","YEREVAN","AM-ER"
"AM","VAYOTS' DZOR","AM-VD"
"AM","TAVUSH","AM-TV"
"AM","SYUNIK'","AM-SU"
"AM","SHIRAK","AM-SH"
"AM","LORRI","AM-LO"
"AM","KOTAYK'","AM-KT"
"AM","GEGHARK'UNIK'","AM-GR"
"AM","ARMAVIR","AM-AV"
"AM","ARARAT","AM-AR"
"AM","ARAGATSOTN","AM-AG"
"AO","LUANDA","AO-LUA"
"AO","LUNDA NORTE","AO-LNO"
"AO","LUNDA SUL","AO-LSU"
"AO","MALANJE","AO-MAL"
"AO","MOXICO","AO-MOX"
"AO","NAMIBE","AO-NAM"
"AO","UIGE","AO-UIG"
"AO","ZAIRE","AO-ZAI"
"AO","HUILA","AO-HUI"
"AO","HUAMBO","AO-HUA"
"AO","BENGO","AO-BGO"
"AO","BENGUELA","AO-BGU"
"AO","BIE","AO-BIE"
"AO","CABINDA","AO-CAB"
"AO","CUANDO CUBANGO","AO-CCU"
"AO","CUANZA NORTE","AO-CNO"
"AO","CUANZA SUL","AO-CUS"
"AO","CUNENE","AO-CNN"
"AR","NEUQUEN","AR-Q"
"AR","RIO NEGRO","AR-R"
"AR","SALTA","AR-A"
"AR","SAN JUAN","AR-J"
"AR","SAN LUIS","AR-D"
"AR","SANTA CRUZ","AR-Z"
"AR","SANTA FE","AR-S"
"AR","SANTIAGO DEL ESTERO","AR-G"
"AR","TIERRA DEL FUEGO","AR-V"
"AR","TUCUMAN","AR-T"
"AR","MISIONES","AR-N"
"AR","MENDOZA","AR-M"
"AR","LA RIOJA","AR-F"
"AR","BUENOS AIRES","AR-B"
"AR","CATAMARCA","AR-K"
"AR","CHACO","AR-H"
"AR","CHUBUT","AR-U"
"AR","CORDOBA","AR-X"
"AR","CORRIENTES","AR-W"
"AR","ENTRE RIOS","AR-E"
"AR","FORMOSA","AR-P"
"AR","JUJUY","AR-Y"
"AR","LA PAMPA","AR-L"
"AT","WIEN","AT-9"
"AT","VORARLBERG","AT-8"
"AT","TIROL","AT-7"
"AT","STEIERMARK","AT-6"
"AT","SALZBURG","AT-5"
"AT","OBEROSTERREICH","AT-4"
"AT","NIEDEROSTERREICH","AT-3"
"AT","KARNTEN","AT-2"
"AT","BURGENLAND","AT-1"
"AU","WESTERN AUSTRALIA","AU-WA"
"AU","VICTORIA","AU-VIC"
"AU","TASMANIA","AU-TAS"
"AU","SOUTH AUSTRALIA","AU-SA"
"AU","QUEENSLAND","AU-QLD"
"AU","NORTHERN TERRITORY","AU-NT"
"AU","NEW SOUTH WALES","AU-NSW"
"AU","AUSTRALIAN CAPITAL TERRITORY","AU-ACT"
"AZ","QUSAR","AZ-QUS"
"AZ","SAATLI","AZ-SAT"
"AZ","SABIRABAD","AZ-SAB"
"AZ","SAKI","AZ-SAK"
"AZ","SALYAN","AZ-SAL"
"AZ","SAMAXI","AZ-SMI"
"AZ","QUBADLI","AZ-QBI"
"AZ","QUBA","AZ-QBA"
"AZ","QOBUSTAN","AZ-QOB"
"AZ","QAZAX","AZ-QAZ"
"AZ","QAX","AZ-QAX"
"AZ","QABALA","AZ-QAB"
"AZ","OGUZ","AZ-OGU"
"AZ","NEFTCALA","AZ-NEF"
"AZ","SAMKIR","AZ-SKR"
"AZ","SAMUX","AZ-SMX"
"AZ","SUMQAYIT","AZ-SM"
"AZ","ZAQATALA","AZ-ZAQ"
"AZ","ZANGILAN","AZ-ZAN"
"AZ","YEVLAX","AZ-YEV"
"AZ","YARDIMLI","AZ-YAR"
"AZ","XOCAVAND","AZ-XVD"
"AZ","XOCALI","AZ-XCI"
"AZ","XIZI","AZ-XTZ"
"AZ","XANKANDI","AZ-XA"
"AZ","XACMAZ","AZ-XAC"
"AZ","UCAR","AZ-UCA"
"AZ","TOVUZ","AZ-TOV"
"AZ","TARTAR","AZ-TAR"
"AZ","SUSA","AZ-SUS"
"AZ","ZARDAB","AZ-ZAR"
"AZ","ABSERON","AZ-ABS"
"AZ","CALILABAD","AZ-CAL"
"AZ","CABRAYIL","AZ-CAB"
"AZ","BILASUVAR","AZ-BIL"
"AZ","BEYLAQAN","AZ-BEY"
"AZ","BARDA","AZ-BAR"
"AZ","BALAKAN","AZ-BAL"
"AZ","BAKI","AZ-BA"
"AZ","ASTARA","AZ-AST"
"AZ","AGSU","AZ-AGU"
"AZ","AGSTAFA","AZ-AGA"
"AZ","AGDAS","AZ-AGS"
"AZ","AGDAM","AZ-AGM"
"AZ","AGCABADI","AZ-AGC"
"AZ","DASKASAN","AZ-DAS"
"AZ","FUZULI","AZ-FUZ"
"AZ","GADABAY","AZ-GAD"
"AZ","NAXCIVAN","AZ-NV"
"AZ","NAFTALAN","AZ-NA"
"AZ","MINGACEVIR","AZ-MI"
"AZ","MASALLI","AZ-MAS"
"AZ","LERIK","AZ-LER"
"AZ","LANKARAN","AZ-LAN"
"AZ","LACIN","AZ-LAC"
"AZ","KALBACAR","AZ-KAL"
"AZ","ISMAYILLI","AZ-ISM"
"AZ","IMISLI","AZ-IMI"
"AZ","HACIQABUL","AZ-HAC"
"AZ","GOYCAY","AZ-GOY"
"AZ","GORANBOY","AZ-GOR"
"AZ","GANCA","AZ-GA"
"BA","REPUBLIKA SRPSKA","BA-SRP"
"BA","FEDERATION OF BOSNIA AND HERZEGOVINA","BA-BIH"
"BB","CHRIST CHURCH","BB-01"
"BB","SAINT JAMES","BB-04"
"BB","SAINT JOSEPH","BB-06"
"BB","SAINT MICHAEL","BB-08"
"BB","SAINT PETER","BB-09"
"BD","SYLHET","BD-G"
"BD","RANGPUR","BD-F"
"BD","RAJSHAHI","BD-E"
"BD","KHULNA","BD-D"
"BD","DHAKA","BD-C"
"BD","CHITTAGONG","BD-B"
"BD","BARISAL","BD-A"
"BE","WEST-VLAANDEREN","BE-VWV"
"BE","VLAAMS-BRABANT","BE-VBR"
"BE","OOST-VLAANDEREN","BE-VOV"
"BE","NAMUR","BE-WNA"
"BE","LUXEMBOURG","BE-WLX"
"BE","LIMBURG","BG-VLI"
"BE","LIEGE","BE-WLG"
"BE","HAINAUT","BE-WHT"
"BE","BRUSSELS HOOFDSTEDELIJK GEWEST","BE-BRU"
"BE","BRABANT WALLON","BE-WBR"
"BE","ANTWERPEN","BE-VAN"
"BF","BAZEGA","BF-BAZ"
"BF","BANWA","BF-ABN"
"BF","BAM","BF-BAM"
"BF","BALE","BF-BAL"
"BF","BOUGOURIBA","BF-BGR"
"BF","ZOUNDWEOGO","BF-ZOU"
"BF","SANMATENGA","BF-SMT"
"BF","SANGUIE","BF-SNG"
"BF","PONI","BF-PON"
"BF","PASSORE","BF-PAS"
"BF","OUDALAN","BF-OUD"
"BF","OUBRITENGA","BF-OUB"
"BF","NOUMBIEL","BF-NOU"
"BF","NAYALA","BF-NAY"
"BF","SENO","BF-SEN"
"BF","SISSILI","BF-SIS"
"BF","ZONDOMA","BF-ZON"
"BF","ZIRO","BF-ZIR"
"BF","YATENGA","BF-YAT"
"BF","YAGHA","BF-YAG"
"BF","TUY","BF-TUI"
"BF","TAPOA","BF-TAP"
"BF","SOUROU","BF-SOR"
"BF","SOUM","BF-SOM"
"BF","NAOURI","BF-NAO"
"BF","NAMENTENGA","BF-NAM"
"BF","KADIOGO","BF-KAD"
"BF","IOBA","BF-IOB"
"BF","HOUET","BF-HOU"
"BF","GOURMA","BF-GOU"
"BF","GNAGNA","BF-GNA"
"BF","GANZOURGOU","BF-GAN"
"BF","BOULKIEMDE","BF-BLK"
"BF","BOULGOU","BF-BLG"
"BF","KENEDOUGOU","BF-KEN"
"BF","KOMOE","BF-COM"
"BF","KOMONDJARI","BF-KMD"
"BF","MOUHOUN","BF-MOU"
"BF","LOROUM","BF-LOR"
"BF","LERABA","BF-LER"
"BF","KOURWEOGO","BF-KOW"
"BF","KOURITENGA","BF-KOT"
"BF","KOULPELOGO","BF-KOP"
"BF","KOSSI","BF-KOS"
"BF","KOMPIENGA","BF-KMP"
"BG","SMOLYAN","BG-21"
"BG","SLIVEN","BG-20"
"BG","SILISTRA","BG-19"
"BG","SHUMEN","BG-27"
"BG","RUSE","BG-18"
"BG","SOFIYA","BG-23"
"BG","STARA ZAGORA","BG-24"
"BG","TURGOVISHTE","BG-25"
"BG","VARNA","BG-03"
"BG","VELIKO TURNOVO","BG-04"
"BG","VIDIN","BG-05"
"BG","VRATSA","BG-06"
"BG","YAMBOL","BG-28"
"BG","RAZGRAD","BG-17"
"BG","PLOVDIV","BG-16"
"BG","BLAGOEVGRAD","BG-01"
"BG","BURGAS","BG-02"
"BG","DOBRICH","BG-08"
"BG","GABROVO","BG-07"
"BG","GRAD SOFIYA","BG-22"
"BG","KHASKOVO","BG-26"
"BG","KURDZHALI","BG-09"
"BG","KYUSTENDIL","BG-10"
"BG","LOVECH","BG-11"
"BG","MONTANA","BG-12"
"BG","PAZARDZHIK","BG-13"
"BG","PERNIK","BG-14"
"BG","PLEVEN","BG-15"
"BH","ASH SHAMALIYAH","BH-17"
"BH","AL WUSTA","BH-16"
"BH","AL MUHARRAQ","BH-15"
"BH","AL ASIMAH","BH-13"
"BI","MAKAMBA","BI-MA"
"BI","MURAMVYA","BI-MU"
"BI","MUYINGA","BI-MY"
"BI","MWARO","BI-MW"
"BI","NGOZI","BI-NG"
"BI","RUTANA","BI-RT"
"BI","RUYIGI","BI-RY"
"BI","KIRUNDO","BI-KI"
"BI","KAYANZA","BI-KY"
"BI","BUBANZA","BI-BB"
"BI","BUJUMBURA MAIRIE","BI-BM"
"BI","BURURI","BI-BR"
"BI","CANKUZO","BI-CA"
"BI","CIBITOKE","BI-CI"
"BI","GITEGA","BI-GI"
"BI","KARUZI","BI-KR"
"BJ","ZOU","BJ-ZO"
"BJ","PLATEAU","BJ-PL"
"BJ","OUEME","BJ-OU"
"BJ","MONO","BJ-MO"
"BJ","LITTORAL","BJ-LI"
"BJ","KOUFFO","BJ-KO"
"BJ","DONGA","BJ-DO"
"BJ","COLLINES","BJ-CO"
"BJ","BORGOU","BJ-BO"
"BJ","ATLANTIQUE","BJ-AQ"
"BJ","ATAKORA","BJ-AK"
"BJ","ALIBORI","BJ-AL"
"BN","TUTONG","BN-TU"
"BN","TEMBURONG","BN-TE"
"BN","BRUNEI AND MUARA","BN-BM"
"BN","BELAIT","BN-BE"
"BO","TARIJA","BO-T"
"BO","SANTA CRUZ","BO-S"
"BO","POTOSI","BO-P"
"BO","PANDO","BO-N"
"BO","ORURO","BO-O"
"BO","LA PAZ","BO-L"
"BO","EL BENI","BO-B"
"BO","COCHABAMBA","BO-C"
"BO","CHUQUISACA","BO-H"
"BQ","SINT EUSTATIUS","BQ-SE"
"BQ","SABA","BQ-SA"
"BQ","BONAIRE","BQ-BO"
"BR","PARANA","BR-PR"
"BR","PERNAMBUCO","BR-PE"
"BR","PIAUI","BR-PI"
"BR","RIO DE JANEIRO","BR-RJ"
"BR","RIO GRANDE DO NORTE","BR-RN"
"BR","RIO GRANDE DO SUL","BR-RS"
"BR","RONDONIA","BR-RO"
"BR","RORAIMA","BR-RR"
"BR","SANTA CATARINA","BR-SC"
"BR","SAO PAULO","BR-SP"
"BR","SERGIPE","BR-SE"
"BR","TOCANTINS","BR-TO"
"BR","PARAIBA","BR-PB"
"BR","PARA","BR-PA"
"BR","MINAS GERAIS","BR-MG"
"BR","ACRE","BR-AC"
"BR","ALAGOAS","BR-AL"
"BR","AMAPA","BR-AP"
"BR","AMAZONAS","BR-AM"
"BR","BAHIA","BR-BA"
"BR","CEARA","BR-CE"
"BR","DISTRITO FEDERAL","BR-DF"
"BR","MATO GROSSO DO SUL","BR-MS"
"BR","MATO GROSSO","BR-MT"
"BR","MARANHAO","BR-MA"
"BR","GOIAS","BR-GO"
"BR","ESPIRITO SANTO","BR-ES"
"BS","ROCK SOUND","BS-RS"
"BS","NEW PROVIDENCE","BS-NP"
"BS","MARSH HARBOUR","BS-MH"
"BS","LONG ISLAND","BS-LI"
"BS","HIGH ROCK","BS-HR"
"BS","HARBOUR ISLAND","BS-HI"
"BS","FRESH CREEK","BS-FC"
"BS","FREEPORT","BS-FP"
"BT","TRASHI YANGSTE","BT-TY"
"BT","TONGSA","BT-32"
"BT","THIMPHU","BT-15"
"BT","SHEMGANG","BT-34"
"BT","PUNAKHA","BT-23"
"BT","PARO","BT-11"
"BT","MONGAR","BT-42"
"BT","HA","BT-13"
"BT","GASA","BT-GA"
"BT","DAGA","BT-22"
"BT","CHHUKHA","BT-12"
"BW","SOUTHERN","BW-SO"
"BW","SOUTH-EAST","BW-SE"
"BW","NORTH-WEST","BW-NW"
"BW","NORTH-EAST","BW-NE"
"BW","KWENENG","BW-KW"
"BW","KGATLENG","BW-KL"
"BW","KGALAGADI","BW-KG"
"BW","GHANZI","BW-GH"
"BW","CENTRAL","BW-CE"
"BY","VITSYEBSKAYA VOBLASTS'","BY-VI"
"BY","MINSKAYA VOBLASTS'","BY-MI"
"BY","MAHILYOWSKAYA VOBLASTS'","BY-MA"
"BY","HRODZYENSKAYA VOBLASTS'","BY-HR"
"BY","HOMYEL'SKAYA VOBLASTS'","BY-HO"
"BY","BRESTSKAYA VOBLASTS'","BY-BR"
"BZ","TOLEDO","BZ-TOL"
"BZ","STANN CREEK","BZ-SC"
"BZ","ORANGE WALK","BZ-OW"
"BZ","COROZAL","BZ-CZL"
"BZ","CAYO","BZ-CY"
"BZ","BELIZE","BZ-BZ"
"CA","YUKON TERRITORY","CA-YT"
"CA","SASKATCHEWAN","CA-SK"
"CA","QUEBEC","CA-QC"
"CA","PRINCE EDWARD ISLAND","CA-PE"
"CA","ONTARIO","CA-ON"
"CA","NUNAVUT","CA-NU"
"CA","NOVA SCOTIA","CA-NS"
"CA","NORTHWEST TERRITORIES","CA-NT"
"CA","ALBERTA","CA-AB"
"CA","BRITISH COLUMBIA","CA-BC"
"CA","MANITOBA","CA-MB"
"CA","NEW BRUNSWICK","CA-NB"
"CA","NEWFOUNDLAND AND LABRADOR","CA-NL"
"CD","SUD-KIVU","CD-SK"
"CD","ORIENTALE","CD-OR"
"CD","NORD-KIVU","CD-NK"
"CD","MANIEMA","CD-MA"
"CD","KINSHASA","CD-KN"
"CD","KATANGA","CD-KA"
"CD","KASAI-ORIENTAL","CD-KE"
"CD","KASAI-OCCIDENTAL","CD-KW"
"CD","EQUATEUR","CD-EQ"
"CD","BAS-CONGO","CD-BC"
"CD","BANDUNDU","CD-BN"
"CF","NANA-MAMBERE","CF-NM"
"CF","OMBELLA-MPOKO","CF-MP"
"CF","OUAKA","CF-UK"
"CF","OUHAM","CF-AC"
"CF","OUHAM-PENDE","CF-OP"
"CF","SANGHA-MBAERE","CF-SE"
"CF","MBOMOU","CF-MB"
"CF","MAMBERE-KADEI","CF-HS"
"CF","LOBAYE","CF-LB"
"CF","BAMINGUI-BANGORAN","CF-BB"
"CF","BANGUI","CF-BGF"
"CF","BASSE-KOTTO","CF-BK"
"CF","HAUT-MBOMOU","CF-HM"
"CF","HAUTE-KOTTO","CF-HK"
"CF","KEMO","CF-KG"
"CG","BOUENZA","CG-11"
"CG","BRAZZAVILLE","CG-BZV"
"CG","CUVETTE","CG-8"
"CG","CUVETTE-OUEST","CG-15"
"CG","SANGHA","CG-13"
"CG","POOL","CG-12"
"CG","PLATEAUX","CG-14"
"CG","NIARI","CG-9"
"CG","LIKOUALA","CG-7"
"CG","LEKOUMOU","CG-2"
"CG","KOUILOU","G-5"
"CH","OBWALDEN","CH-OW"
"CH","SANKT GALLEN","CH-SG"
"CH","SCHAFFHAUSEN","CH-SH"
"CH","SCHWYZ","CH-SZ"
"CH","SOLOTHURN","CH-SO"
"CH","THURGAU","CH-TG"
"CH","TICINO","CH-TI"
"CH","URI","CH-UR"
"CH","VALAIS","CH-VS"
"CH","VAUD","CH-VD"
"CH","ZUG","CH-ZG"
"CH","ZURICH","CH-ZH"
"CH","NIDWALDEN","CH-NW"
"CH","NEUCHATEL","CH-NE"
"CH","AARGAU","CH-AG"
"CH","AUSSER-RHODEN","CH-AR"
"CH","BASEL-LANDSCHAFT","CH-BL"
"CH","BASEL-STADT","CH-BS"
"CH","BERN","CH-BE"
"CH","FRIBOURG","CH-FR"
"CH","GENEVE","CH-GE"
"CH","LUZERN","CH-LU"
"CH","JURA","CH-JU"
"CH","INNER-RHODEN","CH-AI"
"CH","GRAUBUNDEN","CH-GR"
"CH","GLARUS","CH-GL"
"CI","MOYEN-COMOE","CI-05"
"CI","N'ZI-COMOE","CI-11"
"CI","SAVANES","CI-03"
"CI","SUD-BANDAMA","CI-15"
"CI","SUD-COMOE","CI-13"
"CI","VALLEE DU BANDAMA","CI-04"
"CI","WORODOUGOU","CI-14"
"CI","ZANZAN","CI-08"
"CI","MOYEN-CAVALLY","CI-19"
"CI","MARAHOUE","CI-12"
"CI","AGNEBY","CI-16"
"CI","BAFING","CI-17"
"CI","BAS-SASSANDRA","CI-09"
"CI","DENGUELE","CI-10"
"CI","FROMAGER","CI-18"
"CI","HAUT-SASSANDRA","CI-02"
"CI","LACS","CI-07"
"CI","LAGUNES","CI-01"
"CL","LOS RIOS","CL-LR"
"CL","MAGALLANES Y DE LA ANTARTICA CHILENA","CL-MA"
"CL","MAULE","CL-ML"
"CL","REGION METROPOLITANA","CL-RM"
"CL","TARAPACA","CL-TA"
"CL","VALPARAISO","CL-VS"
"CL","LOS LAGOS","CL-LL"
"CL","LIBERTADOR GENERAL BERNARDO O'HIGGINS","CL-LI"
"CL","COQUIMBO","CL-CO"
"CL","AISEN DEL GENERAL CARLOS IBANEZ DEL CAMPO","CL-AI"
"CL","ANTOFAGASTA","CL-AN"
"CL","ARAUCANIA","CL-AR"
"CL","ARICA Y PARINACOTA","CL-AP"
"CL","ATACAMA","CL-AT"
"CL","BIO-BIO","CL-BI"
"CM","SUD-OUEST","CM-SW"
"CM","SUD","CM-SU"
"CM","OUEST","CM-OU"
"CM","NORD-OUEST","CM-NW"
"CM","NORD","CM-NO"
"CM","LITTORAL","CM-LT"
"CM","EXTREME-NORD","CM-EN"
"CM","EST","CM-ES"
"CM","CENTRE","CM-CE"
"CM","ADAMAOUA","CM-AD"
"CN","SHANDONG","CN-37"
"CN","SHAANXI","CN-61"
"CN","QINGHAI","CN-63"
"CN","NINGXIA","CN-64"
"CN","NEI MONGOL","CN-15"
"CN","LIAONING","CN-21"
"CN","SHANGHAI","CN-31"
"CN","SHANXI","CN-14"
"CN","SICHUAN","CN-51"
"CN","TIANJIN","CN-12"
"CN","XINJIANG","CN-65"
"CN","XIZANG","CN-54"
"CN","YUNNAN","CN-53"
"CN","ZHEJIANG","CN-33"
"CN","JILIN","CN-22"
"CN","JIANGXI","CN-36"
"CN","JIANGSU","CN-32"
"CN","ANHUI","CN-34"
"CN","BEIJING","CN-11"
"CN","CHONGQING","CN-50"
"CN","FUJIAN","CN-35"
"CN","GANSU","CN-62"
"CN","GUANGDONG","CN-44"
"CN","GUANGXI","CN-45"
"CN","GUIZHOU","CN-52"
"CN","HUNAN","CN-43"
"CN","HUBEI","CN-42"
"CN","HENAN","CN-41"
"CN","HEILONGJIANG","CN-23"
"CN","HEBEI","CN-13"
"CN","HAINAN","CN-46"
"CO","PUTUMAYO","CO-PUT"
"CO","NORTE DE SANTANDER","CO-NSA"
"CO","NARINO","CO-NAR"
"CO","META","CO-MET"
"CO","MAGDALENA","CO-MAG"
"CO","LA GUAJIRA","CO-LAG"
"CO","QUINDIO","CO-QUI"
"CO","RISARALDA","CO-RIS"
"CO","SAN ANDRES Y PROVIDENCIA","CO-SAP"
"CO","SANTANDER","CO-SAN"
"CO","SUCRE","CO-SUC"
"CO","TOLIMA","CO-TOL"
"CO","VALLE DEL CAUCA","CO-VAC"
"CO","VAUPES","CO-VAU"
"CO","VICHADA","CO-VID"
"CO","HUILA","CO-HUI"
"CO","GUAVIARE","CO-GUV"
"CO","AMAZONAS","CO-AMA"
"CO","ANTIOQUIA","CO-ANT"
"CO","ARAUCA","CO-ARA"
"CO","ATLANTICO","CO-ATL"
"CO","BOLIVAR","CO-BOL"
"CO","BOYACA","CO-BOY"
"CO","CALDAS","CO-CAL"
"CO","CAQUETA","CO-CAQ"
"CO","CASANARE","CO-CAS"
"CO","GUAINIA","CO-GUA"
"CO","CUNDINAMARCA","CO-CUN"
"CO","CORDOBA","CO-COR"
"CO","CHOCO","CO-CHO"
"CO","CESAR","CO-CES"
"CO","CAUCA","CO-CAU"
"CR","SAN JOSE","CR-SJ"
"CR","PUNTARENAS","CR-P"
"CR","LIMON","CR-L"
"CR","HEREDIA","CR-H"
"CR","GUANACASTE","CR-G"
"CR","CARTAGO","CR-C"
"CR","ALAJUELA","CR-A"
"CU","LAS TUNAS","CU-10"
"CU","MATANZAS","CU-04"
"CU","PINAR DEL RIO","CU-01"
"CU","SANCTI SPIRITUS","CU-07"
"CU","SANTIAGO DE CUBA","CU-13"
"CU","VILLA CLARA","CU-05"
"CU","LA HABANA","CU-02"
"CU","ISLA DE LA JUVENTUD","CU-99"
"CU","HOLGUIN","CU-11"
"CU","CAMAGUEY","CU-09"
"CU","CIEGO DE AVILA","CU-08"
"CU","CIENFUEGOS","CU-06"
"CU","CIUDAD DE LA HABANA","CU-03"
"CU","GRANMA","CU-12"
"CU","GUANTANAMO","CU-14"
"CV","SANTA CATARINA DO FOGO","CV-CF"
"CV","SANTA CRUZ","CV-CR"
"CV","SAO DOMINGOS","CV-SD"
"CV","SAO FILIPE","CV-SF"
"CV","SAO MIGUEL","CV-SM"
"CV","SAO SALVADOR DO MUNDO","CV-SS"
"CV","SAO VICENTE","CV-SV"
"CV","TARRAFAL","CV-TA"
"CV","TARRAFAL DE SAO NICOLAU","CV-TS"
"CV","SANTA CATARINA","CV-CA"
"CV","SAL","CV-SL"
"CV","RIBEIRA GRANDE DE SANTIAGO","CV-RS"
"CV","BOA VISTA","CV-BV"
"CV","BRAVA","CV-BR"
"CV","MAIO","CV-MA"
"CV","MOSTEIROS","CV-MO"
"CV","PAUL","CV-PA"
"CV","PORTO NOVO","CV-PN"
"CV","PRAIA","CV-PR"
"CV","RIBEIRA BRAVA","CV-RB"
"CV","RIBEIRA GRANDE","CV-RG"
"CY","PAPHOS","CY-05"
"CY","NICOSIA","CY-01"
"CY","LIMASSOL","CY-02"
"CY","LARNACA","CY-03"
"CY","KYRENIA","CY-06"
"CY","FAMAGUSTA","CY-04"
"CZ","PARDUBICKY KRAJ","CZ-PA"
"CZ","PLZENSKY KRAJ","CZ-PL"
"CZ","STREDOCESKY KRAJ","CZ-ST"
"CZ","USTECKY KRAJ","CZ-US"
"CZ","VYSOCINA KRAJ","CZ-VY"
"CZ","ZLINSKY KRAJ","CZ-ZL"
"CZ","OLOMOUCKY KRAJ","CZ-OL"
"CZ","MORAVSKOSLEZSKY KRAJ","CZ-MO"
"CZ","HLAVNI MESTO PRAHA","CZ-PR"
"CZ","JIHOCESKY KRAJ","CZ-JC"
"CZ","JIHOMORAVSKY KRAJ","CZ-JM"
"CZ","KARLOVARSKY KRAJ","CZ-KA"
"CZ","KRALOVEHRADECKY KRAJ","CZ-KR"
"CZ","LIBERECKY KRAJ","CZ-LI"
"DE","NORDRHEIN-WESTFALEN","DE-NW"
"DE","RHEINLAND-PFALZ","DE-RP"
"DE","SAARLAND","DE-SL"
"DE","SACHSEN","DE-SN"
"DE","SACHSEN-ANHALT","DE-ST"
"DE","SCHLESWIG-HOLSTEIN","DE-SH"
"DE","THURINGEN","DE-TH"
"DE","NIEDERSACHSEN","DE-NI"
"DE","MECKLENBURG-VORPOMMERN","DE-MV"
"DE","BADEN-WURTTEMBERG","DE-BW"
"DE","BAYERN","DE-BY"
"DE","BERLIN","DE-BE"
"DE","BRANDENBURG","DE-BB"
"DE","BREMEN","DE-HB"
"DE","HAMBURG","DE-HH"
"DE","HESSEN","DE-HE"
"DJ","ALI SABIEH","DJ-AS"
"DJ","ARTA","DJ-AR"
"DJ","DIKHIL","DJ-DI"
"DJ","DJIBOUTI","DJ-DJ"
"DJ","OBOCK","DJ-OB"
"DJ","TADJOURA","DJ-TA"
"DK","HOVEDSTADEN","DK-84"
"DK","MIDTJYLLAND","DK-82"
"DK","NORDJYLLAND","DK-81"
"DK","SJELLAND","DK-85"
"DK","SYDDANMARK","DK-83"
"DM","SAINT PAUL","DM-10"
"DM","SAINT PATRICK","DM-09"
"DM","SAINT MARK","DM-08"
"DM","SAINT LUKE","DM-07"
"DM","SAINT JOSEPH","DM-06"
"DM","SAINT JOHN","DM-05"
"DM","SAINT GEORGE","DM-04"
"DM","SAINT DAVID","DM-03"
"DM","SAINT ANDREW","DM-02"
"DO","SALCEDO","DO-19"
"DO","PUERTO PLATA","DO-18"
"DO","PERAVIA","DO-17"
"DO","PEDERNALES","DO-16"
"DO","MONTE PLATA","DO-29"
"DO","MONTE CRISTI","DO-15"
"DO","SAMANA","DO-20"
"DO","SAN CRISTOBAL","DO-21"
"DO","SAN JUAN","DO-22"
"DO","SAN PEDRO DE MACORIS","DO-23"
"DO","SANCHEZ RAMIREZ","DO-24"
"DO","SANTIAGO","DO-25"
"DO","SANTIAGO RODRIGUEZ","DO-26"
"DO","VALVERDE","DO-27"
"DO","MONSENOR NOUEL","DO-28"
"DO","MARIA TRINIDAD SANCHEZ","DO-14"
"DO","AZUA","DO-02"
"DO","BAORUCO","DO-03"
"DO","BARAHONA","DO-04"
"DO","DAJABON","DO-05"
"DO","DISTRITO NACIONAL","DO-01"
"DO","DUARTE","DO-06"
"DO","EL SEIBO","DO-08"
"DO","ELIAS PINA","DO-07"
"DO","LA VEGA","DO-13"
"DO","LA ROMANA","DO-12"
"DO","LA ALTAGRACIA","DO-11"
"DO","INDEPENDENCIA","DO-10"
"DO","HATO MAYOR","DO-30"
"DO","ESPAILLAT","DO-09"
"DZ","SAIDA","DZ-20"
"DZ","RELIZANE","DZ-48"
"DZ","OUM EL BOUAGHI","DZ-04"
"DZ","OUARGLA","DZ-30"
"DZ","ORAN","DZ-31"
"DZ","NAAMA","DZ-45"
"DZ","MOSTAGANEM","DZ-27"
"DZ","MILA","DZ-43"
"DZ","MEDEA","DZ-26"
"DZ","MASCARA","DZ-29"
"DZ","SETIF","DZ-19"
"DZ","SIDI BEL ABBES","DZ-22"
"DZ","TLEMCEN","DZ-13"
"DZ","TIZI OUZOU","DZ-15"
"DZ","TISSEMSILT","DZ-38"
"DZ","TIPAZA","DZ-42"
"DZ","TINDOUF","DZ-37"
"DZ","TIARET","DZ-14"
"DZ","TEBESSA","DZ-12"
"DZ","TAMANGHASSET","DZ-11"
"DZ","SOUK AHRAS","DZ-41"
"DZ","SKIKDA","DZ-21"
"DZ","M'SILA","DZ-28"
"DZ","LAGHOUAT","DZ-03"
"DZ","KHENCHELA","DZ-40"
"DZ","BLIDA","DZ-09"
"DZ","BISKRA","DZ-07"
"DZ","BEJAIA","DZ-06"
"DZ","BECHAR","DZ-08"
"DZ","BATNA","DZ-05"
"DZ","ANNABA","DZ-23"
"DZ","ALGER","DZ-16"
"DZ","AIN TEMOUCHENT","DZ-46"
"DZ","AIN DEFLA","DZ-44"
"DZ","ADRAR","DZ-01"
"DZ","BORDJ BOU ARRERIDJ","DZ-34"
"DZ","BOUIRA","DZ-10"
"DZ","ILLIZI","DZ-33"
"DZ","GUELMA","DZ-24"
"DZ","GHARDAIA","DZ-47"
"DZ","EL TARF","DZ-36"
"DZ","EL OUED","DZ-39"
"DZ","EL BAYADH","DZ-32"
"DZ","DJELFA","DZ-17"
"DZ","CONSTANTINE","DZ-25"
"DZ","CHLEF","DZ-02"
"DZ","BOUMERDES","DZ-35"
"EC","ORELLANA","EC-D"
"EC","NAPO","EC-N"
"EC","MORONA-SANTIAGO","EC-S"
"EC","MANABI","EC-M"
"EC","PASTAZA","EC-Y"
"EC","PICHINCHA","EC-P"
"EC","SANTA ELENA","EC-SE"
"EC","SUCUMBIOS","EC-U"
"EC","TUNGURAHUA","EC-T"
"EC","ZAMORA-CHINCHIPE","EC-Z"
"EC","LOS RIOS","EC-R"
"EC","LOJA","EC-L"
"EC","IMBABURA","EC-I"
"EC","AZUAY","EC-A"
"EC","BOLIVAR","EC-B"
"EC","CANAR","EC-F"
"EC","CARCHI","EC-C"
"EC","CHIMBORAZO","EC-H"
"EC","COTOPAXI","EC-X"
"EC","EL ORO","EC-O"
"EC","ESMERALDAS","EC-E"
"EC","GALAPAGOS","EC-W"
"EC","GUAYAS","EC-G"
"EE","RAPLAMAA","EE-70"
"EE","SAAREMAA","EE-74"
"EE","TARTUMAA","EE-78"
"EE","VALGAMAA","EE-82"
"EE","VILJANDIMAA","EE-84"
"EE","VORUMAA","EE-86"
"EE","POLVAMAA","EE-65"
"EE","PARNUMAA","EE-67"
"EE","LAANEMAA","EE-57"
"EE","HARJUMAA","EE-37"
"EE","HIIUMAA","EE-39"
"EE","IDA-VIRUMAA","EE-44"
"EE","JARVAMAA","EE-51"
"EE","JOGEVAMAA","EE-49"
"EE","LAANE-VIRUMAA","EE-59"
"EG","ASWAN","EG-ASN"
"EG","ASYUT","EG-AST"
"EG","BANI SUWAYF","EG-BNS"
"EG","BUR SA'ID","EG-PTS"
"EG","DUMYAT","EG-DT"
"EG","JANUB SINA'","EG-JS"
"EG","KAFR ASH SHAYKH","EG-KFS"
"EG","MATRUH","EG-MT"
"EG","MUHAFAZAT AL UQSUR","EG-LX"
"EG","QINA","EG-KN"
"EG","SHAMAL SINA'","EG-SIN"
"EG","SUHAJ","EG-SHG"
"EG","ASH SHARQIYAH","EG-SHR"
"EG","AS SUWAYS","EG-SUZ"
"EG","AL WADI AL JADID","EG-WAD"
"EG","AD DAQAHLIYAH","EG-DK"
"EG","AL BAHR AL AHMAR","EG-BA"
"EG","AL BUHAYRAH","EG-BH"
"EG","AL FAYYUM","EG-FYM"
"EG","AL GHARBIYAH","EG-GH"
"EG","AL ISKANDARIYAH","EG-ALX"
"EG","AL ISMA'ILIYAH","EG-IS"
"EG","AL QALYUBIYAH","EG-KB"
"EG","AL QAHIRAH","EG-C"
"EG","AL MINYA","EG-MN"
"EG","AL MINUFIYAH","EG-MNF"
"EG","AL JIZAH","EG-GZ"
"EH","OUED ED-DAHAB-LAGOUIRA","MA-16"
"EH","WESTERN SAHARA","MA-14"
"ER","SEMENAWI K'EYIH BAHRI","ER-SK"
"ER","MA'AKEL","ER-MA"
"ER","GASH BARKA","ER-GB"
"ER","DEBUBAWI K'EYIH BAHRI","ER-DK"
"ER","DEBUB","ER-DU"
"ER","ANSEBA","ER-AN"
"ES","GALICIA","ES-GA"
"ES","ISLAS BALEARES","ES-IB"
"ES","LA RIOJA","ES-RI"
"ES","MADRID","ES-MD"
"ES","MELILLA","ES-ML"
"ES","MURCIA","ES-MC"
"ES","NAVARRA","ES-NC"
"ES","PAIS VASCO","ES-PV"
"ES","EXTREMADURA","ES-EX"
"ES","COMUNIDAD VALENCIANA","ES-VC"
"ES","CEUTA","ES-CE"
"ES","ANDALUCIA","ES-AN"
"ES","ARAGON","ES-AR"
"ES","ASTURIAS","ES-AS"
"ES","CANARIAS","ES-CN"
"ES","CANTABRIA","ES-CB"
"ES","CASTILLA Y LEON","ES-CL"
"ES","CASTILLA-LA MANCHA","ES-CM"
"ES","CATALONIA","ES-CT"
"ET","YEDEBUB BIHEROCH BIHERESEBOCH NA HIZBOCH","ET-SN"
"ET","TIGRAY","ET-TI"
"ET","SUMALE","ET-SO"
"ET","OROMIYA","ET-OR"
"ET","HARERI HIZB","ET-HA"
"ET","GAMBELA HIZBOCH","ET-GA"
"ET","DIRE DAWA","ET-DD"
"ET","BINSHANGUL GUMUZ","ET-BE"
"ET","AMARA","ET-AM"
"ET","AFAR","ET-AF"
"ET","ADIS ABEBA","ET-AA"
"FI","LAPLAND","FI-10"
"FJ","CENTRAL","FJ-C"
"FJ","NORTHERN","FJ-N"
"FJ","WESTERN","FJ-W"
"FM","YAP","FM-YAP"
"FM","POHNPEI","FM-PNI"
"FM","KOSRAE","FM-KSA"
"FM","CHUUK","FM-TRK"
"FR","LANGUEDOC-ROUSSILLON","FR-K"
"FR","LIMOUSIN","FR-L"
"FR","LORRAINE","FR-M"
"FR","MIDI-PYRENEES","FR-N"
"FR","NORD-PAS-DE-CALAIS","FR-O"
"FR","PAYS DE LA LOIRE","FR-R"
"FR","PICARDIE","FR-S"
"FR","POITOU-CHARENTES","FR-T"
"FR","PROVENCE-ALPES-COTE D'AZUR","FR-U"
"FR","RHONE-ALPES","FR-V"
"FR","ILE-DE-FRANCE","FR-J"
"FR","HAUTE-NORMANDIE","FR-Q"
"FR","ALSACE","FR-A"
"FR","AQUITAINE","FR-B"
"FR","AUVERGNE","FR-C"
"FR","BASSE-NORMANDIE","FR-P"
"FR","BOURGOGNE","FR-D"
"FR","BRETAGNE","FR-E"
"FR","CENTRE","FR-F"
"FR","CHAMPAGNE-ARDENNE","FR-G"
"FR","CORSE","FR-H"
"FR","FRANCHE-COMTE","FR-I"
"GA","ESTUAIRE","GA-1"
"GA","HAUT-OGOOUE","GA-2"
"GA","WOLEU-NTEM","GA-9"
"GA","OGOOUE-MARITIME","GA-8"
"GA","OGOOUE-LOLO","GA-7"
"GA","OGOOUE-IVINDO","GA-6"
"GA","NYANGA","GA-5"
"GA","NGOUNIE","GA-4"
"GA","MOYEN-OGOOUE","GA-3"
"GB","WALES","WLS"
"GB","SCOTLAND","SCT"
"GB","NORTHERN IRELAND","NIR"
"GB","ENGLAND","ENG"
"GD","SAINT PATRICK","GD-06"
"GD","SAINT MARK","GD-05"
"GD","SAINT JOHN","GD-04"
"GD","SAINT GEORGE","GD-03"
"GD","SAINT DAVID","GD-02"
"GD","SAINT ANDREW","GD-01"
"GE","KHASHURIS RAIONI","GE-28"
"GE","KVEMO KARTLI","GE-KK"
"GE","MTSKHETA-MTIANETI","GE-MM"
"GE","RACHA-LECHKHUMI AND KVEMO SVANETI","GE-RL"
"GE","SAMEGRELO AND ZEMO SVANETI","GE-SZ"
"GE","SAMTSKHE-JAVAKHETI","GE-SJ"
"GE","SHIDA KARTLI","GE-SK"
"GE","T'BILISI","GE-TBS"
"GE","VANIS RAIONI","GE-61"
"GE","KAKHETI","GE-KA"
"GE","K'ARELIS RAIONI","GE-24"
"GE","ABKHAZIA","GE-AB"
"GE","AJARIA","GE-AJ"
"GE","AKHALK'ALAK'IS RAIONI","GE-04"
"GE","BAGHDAT'IS RAIONI","GE-09"
"GE","BORJOMIS RAIONI","GE-11"
"GE","GORIS RAIONI","GE-19"
"GE","GURIA","GE-GU"
"GE","IMERETI","GE-IM"
"GE","JAVIS RAIONI","GE-23"
"GH","WESTERN","GH-WP"
"GH","VOLTA","GH-TV"
"GH","UPPER WEST","GH-UW"
"GH","UPPER EAST","GH-UE"
"GH","NORTHERN","GH-NP"
"GH","GREATER ACCRA","GH-AA"
"GH","EASTERN","GH-EP"
"GH","CENTRAL","GH-CP"
"GH","BRONG-AHAFO","GH-BA"
"GH","ASHANTI","GH-AH"
"GL","SERMERSOOQ","GL-SM"
"GL","QEQQATA","GL-QE"
"GL","QAASUITSUP","GL-QA"
"GL","KUJALLEQ","GL-KU"
"GM","WESTERN","GM-W"
"GM","UPPER RIVER","GM-U"
"GM","NORTH BANK","GM-N"
"GM","LOWER RIVER","GM-L"
"GM","BANJUL","GM-B"
"GN","MACENTA","GN-MC"
"GN","LOLA","GN-LO"
"GN","LELOUMA","GN-LE"
"GN","LABE","GN-LA"
"GN","KOUROUSSA","GN-KO"
"GN","KOUNDARA","GN-KN"
"GN","KOUBIA","GN-KB"
"GN","MALI","GN-ML"
"GN","MAMOU","GN-MM"
"GN","MANDIANA","GN-MD"
"GN","NZEREKORE","GN-NZ"
"GN","PITA","GN-PI"
"GN","SIGUIRI","GN-SI"
"GN","TELIMELE","GN-TE"
"GN","TOUGUE","GN-TO"
"GN","YOMOU","GN-YO"
"GN","KISSIDOUGOU","GN-KS"
"GN","KINDIA","GN-KD"
"GN","BEYLA","GN-BE"
"GN","BOFFA","GN-BF"
"GN","BOKE","GN-BK"
"GN","CONAKRY","GN-C"
"GN","COYAH","GN-CO"
"GN","DABOLA","GN-DB"
"GN","DALABA","GN-DL"
"GN","DINGUIRAYE","GN-DI"
"GN","DUBREKA","GN-DU"
"GN","KEROUANE","GN-KE"
"GN","KANKAN","GN-KA"
"GN","GUECKEDOU","GN-GU"
"GN","GAOUAL","GN-GA"
"GN","FRIA","GN-FR"
"GN","FORECARIAH","GN-FO"
"GN","FARANAH","GN-FA"
"GQ","WELE-NZAS","GQ-WN"
"GQ","LITORAL","GQ-LI"
"GQ","KIE-NTEM","GQ-KN"
"GQ","CENTRO SUR","GQ-CS"
"GQ","BIOKO SUR","GQ-BS"
"GQ","BIOKO NORTE","GQ-BN"
"GQ","ANNOBON","GQ-AN"
"GR","PELLA","GR-59"
"GR","MESSINIA","GR-17"
"GR","MAGNISIA","GR-43"
"GR","LESVOS","GR-83"
"GR","LASITHI","GR-92"
"GR","LARISA","GR-42"
"GR","LAKONIA","GR-16"
"GR","KOZANI","GR-58"
"GR","KORINTHIA","GR-15"
"GR","KILKIS","GR-57"
"GR","PIERIA","GR-61"
"GR","PREVEZA","GR-34"
"GR","ZAKINTHOS","GR-21"
"GR","XANTHI","GR-72"
"GR","VOIOTIA","GR-03"
"GR","TRIKALA","GR-44"
"GR","THESSALONIKI","GR-54"
"GR","THESPROTIA","GR-32"
"GR","SERRAI","GR-62"
"GR","SAMOS","GR-84"
"GR","RODHOPI","GR-73"
"GR","RETHIMNI","GR-93"
"GR","KIKLADHES","GR-82"
"GR","KERKIRA","GR-22"
"GR","KEFALLINIA","GR-23"
"GR","EVROS","GR-71"
"GR","EVRITANIA","GR-05"
"GR","DRAMA","GR-52"
"GR","DHODHEKANISOS","GR-81"
"GR","ATTIKI","GR-A1"
"GR","ARTA","GR-31"
"GR","ARKADHIA","GR-12"
"GR","ARGOLIS","GR-11"
"GR","AKHAIA","GR-13"
"GR","AITOLIA KAI AKARNANIA","GR-01"
"GR","EVVOIA","GR-04"
"GR","FLORINA","GR-63"
"GR","KAVALA","GR-55"
"GR","KASTORIA","GR-56"
"GR","KARDHITSA","GR-41"
"GR","IRAKLION","GR-91"
"GR","IOANNINA","GR-33"
"GR","IMATHIA","GR-53"
"GR","ILIA","GR-14"
"GR","GREVENA","GR-51"
"GR","FTHIOTIS","GR-06"
"GR","FOKIS","GR-07"
"GT","SACATEPEQUEZ","GT-SA"
"GT","RETALHULEU","GT-RE"
"GT","QUICHE","GT-QC"
"GT","QUETZALTENANGO","GT-QZ"
"GT","SAN MARCOS","GT-SM"
"GT","SANTA ROSA","GT-SR"
"GT","SOLOLA","GT-SO"
"GT","SUCHITEPEQUEZ","GT-SU"
"GT","TOTONICAPAN","GT-TO"
"GT","ZACAPA","GT-ZA"
"GT","PETEN","GT-PE"
"GT","JUTIAPA","GT-JU"
"GT","ALTA VERAPAZ","GT-AV"
"GT","BAJA VERAPAZ","GT-BV"
"GT","CHIMALTENANGO","GT-CM"
"GT","CHIQUIMULA","GT-CQ"
"GT","EL PROGRESO","GT-PR"
"GT","ESCUINTLA","GT-ES"
"GT","GUATEMALA","GT-GU"
"GT","HUEHUETENANGO","GT-HU"
"GT","IZABAL","GT-IZ"
"GT","JALAPA","GT-JA"
"GW","TOMBALI","GW-TO"
"GW","QUINARA","GW-QU"
"GW","OIO","GW-OI"
"GW","GABU","GW-GA"
"GW","CACHEU","GW-CA"
"GW","BOLAMA","GW-BL"
"GW","BISSAU","GW-BS"
"GW","BIOMBO","GW-BM"
"GW","BAFATA","GW-BA"
"GY","UPPER DEMERARA-BERBICE","GY-UD"
"GY","POMEROON-SUPENAAM","GY-PM"
"GY","MAHAICA-BERBICE","GY-MA"
"GY","ESSEQUIBO ISLANDS-WEST DEMERARA","GY-ES"
"GY","EAST BERBICE-CORENTYNE","GY-EB"
"GY","DEMERARA-MAHAICA","GY-DE"
"GY","CUYUNI-MAZARUNI","GY-CU"
"HN","ISLAS DE LA BAHIA","HN-IB"
"HN","LA PAZ","HN-LP"
"HN","LEMPIRA","HN-LE"
"HN","OCOTEPEQUE","HN-OC"
"HN","OLANCHO","HN-OL"
"HN","SANTA BARBARA","HN-SB"
"HN","VALLE","HN-VA"
"HN","YORO","HN-YO"
"HN","INTIBUCA","HN-IN"
"HN","GRACIAS A DIOS","HN-GD"
"HN","ATLANTIDA","HN-AT"
"HN","CHOLUTECA","HN-CH"
"HN","COLON","HN-CL"
"HN","COMAYAGUA","HN-CM"
"HN","COPAN","HN-CP"
"HN","CORTES","HN-CR"
"HN","EL PARAISO","HN-EP"
"HN","FRANCISCO MORAZAN","HN-FM"
"HR","PRIMORSKO-GORANSKA","HR-08"
"HR","SIBENSKO-KNINSKA","HR-15"
"HR","SISACKO-MOSLAVACKA","HR-03"
"HR","SPLITSKO-DALMATINSKA","HR-17"
"HR","VARAZDINSKA","HR-05"
"HR","VIROVITICKO-PODRAVSKA","HR-10"
"HR","VUKOVARSKO-SRIJEMSKA","HR-16"
"HR","ZADARSKA","HR-13"
"HR","ZAGREBACKA","HR-01"
"HR","POZESKO-SLAVONSKA","HR-11"
"HR","OSJECKO-BARANJSKA","HR-14"
"HR","MEDIMURSKA","HR-20"
"HR","BJELOVARSKO-BILOGORSKA","HR-07"
"HR","BRODSKO-POSAVSKA","HR-12"
"HR","DUBROVACKO-NERETVANSKA","HR-19"
"HR","GRAD ZAGREB","HR-21"
"HR","ISTARSKA","HR-18"
"HR","KARLOVACKA","HR-04"
"HR","KOPRIVNICKO-KRIZEVACKA","HR-06"
"HR","KRAPINSKO-ZAGORSKA","HR-02"
"HR","LICKO-SENJSKA","HR-09"
"HT","ARTIBONITE","HT-AR"
"HT","CENTRE","HT-CE"
"HT","GRAND' ANSE","HT-GA"
"HT","NIPPES","HT-NI"
"HT","SUD-EST","HT-SE"
"HT","SUD","HT-SD"
"HT","OUEST","HT-OU"
"HT","NORD-OUEST","HT-NO"
"HT","NORD-EST","HT-NE"
"HT","NORD","HT-ND"
"HU","KOMAROM-ESZTERGOM","HU-KE"
"HU","NOGRAD","HU-NO"
"HU","PEST","HU-PE"
"HU","SOMOGY","HU-SO"
"HU","SZABOLCS-SZATMAR-BEREG","HU-SZ"
"HU","TOLNA","HU-TO"
"HU","VAS","HU-VA"
"HU","VESZPREM","HU-VE"
"HU","ZALA","HU-ZA"
"HU","JASZ-NAGYKUN-SZOLNOK","HU-JN"
"HU","HEVES","HU-HE"
"HU","BACS-KISKUN","HU-BK"
"HU","BARANYA","HU-BA"
"HU","BEKES","HU-BE"
"HU","BORSOD-ABAUJ-ZEMPLEN","HU-BZ"
"HU","BUDAPEST","HU-BU"
"HU","CSONGRAD","HU-CS"
"HU","FEJER","HU-FE"
"HU","GYOR-MOSON-SOPRON","HU-GS"
"HU","HAJDU-BIHAR","HU-HB"
"ID","RIAU","ID-RI"
"ID","PAPUA","ID-PA"
"ID","NUSA TENGGARA TIMUR","ID-NT"
"ID","NUSA TENGGARA BARAT","ID-NB"
"ID","MALUKU UTARA","ID-MU"
"ID","MALUKU","ID-MA"
"ID","SULAWESI BARAT","ID-SR"
"ID","SULAWESI SELATAN","ID-SN"
"ID","SULAWESI TENGAH","ID-ST"
"ID","SULAWESI TENGGARA","ID-SG"
"ID","SULAWESI UTARA","ID-SA"
"ID","SUMATERA BARAT","ID-SB"
"ID","SUMATERA SELATAN","ID-SS"
"ID","SUMATERA UTARA","ID-SU"
"ID","YOGYAKARTA","ID-YO"
"ID","LAMPUNG","ID-LA"
"ID","KEPULAUAN RIAU","ID-KR"
"ID","ACEH","ID-AC"
"ID","BALI","ID-BA"
"ID","BANTEN","ID-BT"
"ID","BENGKULU","ID-BE"
"ID","GORONTALO","ID-GO"
"ID","JAKARTA RAYA","ID-JK"
"ID","JAMBI","ID-JA"
"ID","JAWA BARAT","ID-JB"
"ID","JAWA TENGAH","ID-JT"
"ID","KEPULAUAN BANGKA BELITUNG","ID-BB"
"ID","KALIMANTAN TIMUR","ID-KI"
"ID","KALIMANTAN TENGAH","ID-KT"
"ID","KALIMANTAN SELATAN","ID-KS"
"ID","KALIMANTAN BARAT","ID-KB"
"ID","JAWA TIMUR","ID-JI"
"IE","LOUTH","IE-LH"
"IE","MAYO","IE-MO"
"IE","MEATH","IE-MH"
"IE","MONAGHAN","IE-MN"
"IE","OFFALY","IE-OY"
"IE","ROSCOMMON","IE-RN"
"IE","SLIGO","IE-SO"
"IE","TIPPERARY","IE-TA"
"IE","WATERFORD","IE-WD"
"IE","WESTMEATH","IE-WH"
"IE","WEXFORD","IE-WX"
"IE","WICKLOW","IE-WW"
"IE","LONGFORD","IE-LD"
"IE","LIMERICK","IE-LK"
"IE","CARLOW","IE-CW"
"IE","CAVAN","IE-CN"
"IE","CLARE","IE-CE"
"IE","CORK","IE-CO"
"IE","DONEGAL","IE-DL"
"IE","DUBLIN","IE-D"
"IE","GALWAY","IE-G"
"IE","KERRY","IE-KY"
"IE","KILDARE","IE-KE"
"IE","KILKENNY","IE-KK"
"IE","LAOIS","IE-LS"
"IE","LEITRIM","IE-LM"
"IL","YERUSHALAYIM","IL-JM"
"IL","TEL AVIV","IL-TA"
"IL","HEFA","IL-HA"
"IL","HAZAFON","IL-Z"
"IL","HAMERKAZ","IL-M"
"IL","HADAROM","IL-D"
"IN","ORISSA","IN-OR"
"IN","NAGALAND","IN-NL"
"IN","MIZORAM","IN-MZ"
"IN","MEGHALAYA","IN-ML"
"IN","MANIPUR","IN-MN"
"IN","MAHARASHTRA","IN-MH"
"IN","MADHYA PRADESH","IN-MP"
"IN","PUDUCHERRY","IN-PY"
"IN","PUNJAB","IN-PB"
"IN","RAJASTHAN","IN-RJ"
"IN","SIKKIM","IN-SK"
"IN","TAMIL NADU","IN-TN"
"IN","TRIPURA","IN-TR"
"IN","UTTAR PRADESH","IN-UP"
"IN","UTTARAKHAND","IN-UT"
"IN","WEST BENGAL","IN-WB"
"IN","LAKSHADWEEP","IN-LD"
"IN","KERALA","IN-KL"
"IN","ANDAMAN AND NICOBAR ISLANDS","IN-AN"
"IN","ANDHRA PRADESH","IN-AP"
"IN","ARUNACHAL PRADESH","IN-AR"
"IN","ASSAM","IN-AS"
"IN","BIHAR","IN-BR"
"IN","CHHATTISGARH","IN-CT"
"IN","DADRA AND NAGAR HAVELI","IN-DN"
"IN","DAMAN AND DIU","IN-DD"
"IN","DELHI","IN-DL"
"IN","KARNATAKA","IN-KA"
"IN","JHARKHAND","IN-JH"
"IN","JAMMU AND KASHMIR","IN-JK"
"IN","HIMACHAL PRADESH","IN-HP"
"IN","HARYANA","IN-HR"
"IN","GUJARAT","IN-GJ"
"IN","GOA","IN-GA"
"IQ","DAHUK","IQ-DA"
"IQ","DHI QAR","IQ-DQ"
"IQ","DIYALA","IQ-DI"
"IQ","KARBALA'","IQ-KA"
"IQ","MAYSAN","IQ-MA"
"IQ","NINAWA","IQ-NI"
"IQ","SALAH AD DIN","IQ-SD"
"IQ","WASIT","IQ-WA"
"IQ","BAGHDAD","IQ-BG"
"IQ","BABIL","IQ-BB"
"IQ","AL ANBAR","IQ-AN"
"IQ","AL BASRAH","IQ-BA"
"IQ","AL MUTHANNA","IQ-MU"
"IQ","AL QADISIYAH","IQ-QA"
"IQ","AN NAJAF","IQ-NA"
"IQ","ARBIL","IQ-AR"
"IQ","AS SULAYMANIYAH","IQ-SU"
"IQ","AT TA'MIM","IQ-TS"
"IR","MARKAZI","IR-22"
"IR","LORESTAN","IR-20"
"IR","KORDESTAN","IR-16"
"IR","KOHKILUYEH VA BUYER AHMADI","IR-18"
"IR","KHUZESTAN","IR-10"
"IR","MAZANDARAN","IR-21"
"IR","QAZVIN","IR-28"
"IR","QOM","IR-26"
"IR","SEMNAN","IR-12"
"IR","SISTAN VA BALUCHESTAN","IR-13"
"IR","TEHRAN","IR-07"
"IR","YAZD","IR-25"
"IR","ZANJAN","IR-11"
"IR","KHORASAN-E SHEMALI","IR-31"
"IR","KHORASAN-E RAZAVI","IR-30"
"IR","ARDABIL","IR-03"
"IR","AZARBAYJAN-E BAKHTARI","IR-02"
"IR","BUSHEHR","IR-06"
"IR","CHAHAR MAHALL VA BAKHTIARI","IR-08"
"IR","ESFAHAN","IR-04"
"IR","FARS","IR-14"
"IR","GILAN","IR-19"
"IR","GOLESTAN","IR-27"
"IR","KHORASAN-E JANUBI","IR-29"
"IR","KERMAN","IR-15"
"IR","ILAM","IR-05"
"IR","HORMOZGAN","IR-23"
"IR","HAMADAN","IR-24"
"IS","VESTURLAND","IS-3"
"IS","VESTFIROIR","IS-4"
"IS","SUOURNES","IS-2"
"IS","SUOURLAND","IS-8"
"IS","NOROURLAND VESTRA","IS-5"
"IS","NOROURLAND EYSTRA","IS-6"
"IS","HOFUOBORGARSVAOIO","IS-1"
"IS","AUSTURLAND","IS-7"
"IT","PIEMONTE","IT-21"
"IT","PUGLIA","IT-75"
"IT","SARDEGNA","IT-88"
"IT","SICILIA","IT-82"
"IT","TOSCANA","IT-52"
"IT","TRENTINO-ALTO ADIGE","IT-32"
"IT","UMBRIA","IT-55"
"IT","VALLE D'AOSTA","IT-23"
"IT","VENETO","IT-34"
"IT","MOLISE","IT-67"
"IT","MARCHE","IT-57"
"IT","ABRUZZI","IT-65"
"IT","BASILICATA","IT-77"
"IT","CALABRIA","IT-78"
"IT","CAMPANIA","IT-72"
"IT","EMILIA-ROMAGNA","IT-45"
"IT","FRIULI-VENEZIA GIULIA","IT-36"
"IT","LAZIO","IT-62"
"IT","LIGURIA","IT-42"
"IT","LOMBARDIA","IT-25"
"JM","SAINT ELIZABETH","JM-11"
"JM","SAINT JAMES","JM-08"
"JM","SAINT MARY","JM-05"
"JM","SAINT THOMAS","JM-03"
"JM","TRELAWNY","JM-07"
"JM","WESTMORELAND","JM-10"
"JM","SAINT CATHERINE","JM-14"
"JM","SAINT ANN","JM-06"
"JM","CLARENDON","JM-13"
"JM","HANOVER","JM-09"
"JM","KINGSTON","JM-01"
"JM","MANCHESTER","JM-12"
"JM","PORTLAND","JM-04"
"JM","SAINT ANDREW","JM-02"
"JO","MADABA","JO-MD"
"JO","MA'AN","JO-MN"
"JO","IRBID","JO-IR"
"JO","AZ ZARQA'","JO-AZ"
"JO","AT TAFILAH","JO-AT"
"JO","AL MAFRAQ","JO-MA"
"JO","AL KARAK","JO-KA"
"JO","AL BALQA'","JO-BA"
"JO","AL 'AQABAH","JO-AQ"
"JO","'AMMAN","JO-AM"
"JP","AICHI","JP-23"
"JP","AKITA","JP-05"
"JP","YAMANASHI","JP-19"
"JP","SAITAMA","JP-11"
"JP","SAGA","JP-41"
"JP","OSAKA","JP-27"
"JP","OKINAWA","JP-47"
"JP","OKAYAMA","JP-33"
"JP","OITA","JP-44"
"JP","NIIGATA","JP-15"
"JP","NARA","JP-29"
"JP","NAGASAKI","JP-42"
"JP","SHIGA","JP-25"
"JP","SHIMANE","JP-32"
"JP","YAMAGUCHI","JP-35"
"JP","YAMAGATA","JP-06"
"JP","WAKAYAMA","JP-30"
"JP","TOYAMA","JP-16"
"JP","TOTTORI","JP-31"
"JP","TOKYO","JP-13"
"JP","TOKUSHIMA","JP-36"
"JP","TOCHIGI","JP-09"
"JP","SHIZUOKA","JP-22"
"JP","NAGANO","JP-20"
"JP","MIYAZAKI","JP-45"
"JP","MIYAGI","JP-04"
"JP","HIROSHIMA","JP-34"
"JP","GUMMA","JP-10"
"JP","GIFU","JP-21"
"JP","FUKUSHIMA","JP-07"
"JP","FUKUOKA","JP-40"
"JP","FUKUI","JP-18"
"JP","EHIME","JP-38"
"JP","CHIBA","JP-12"
"JP","AOMORI","JP-02"
"JP","HOKKAIDO","JP-01"
"JP","HYOGO","JP-28"
"JP","IBARAKI","JP-08"
"JP","MIE","JP-24"
"JP","KYOTO","JP-26"
"JP","KUMAMOTO","JP-43"
"JP","KOCHI","JP-39"
"JP","KANAGAWA","JP-14"
"JP","KAGOSHIMA","JP-46"
"JP","KAGAWA","JP-37"
"JP","IWATE","JP-03"
"JP","ISHIKAWA","JP-17"
"KE","WESTERN","KE-800"
"KE","RIFT VALLEY","KE-700"
"KE","NYANZA","KE-600"
"KE","NORTH-EASTERN","KE-500"
"KE","NAIROBI AREA","KE-110"
"KE","EASTERN","KE-400"
"KE","COAST","KE-300"
"KE","CENTRAL","KE-200"
"KG","YSYK-KOL","KG-Y"
"KG","TALAS","KG-T"
"KG","OSH","KG-O"
"KG","NARYN","KG-N"
"KG","JALAL-ABAD","KG-J"
"KG","CHUY","KG-C"
"KG","BISHKEK","KG-GB"
"KG","BATKEN","KG-B"
"KH","PAILIN","KH-24"
"KH","PHNOM PENH","KH-12"
"KH","PREAH SIHANOUK","KH-18"
"KH","PREAH VIHEAR","KH-13"
"KH","PREY VENG","KH-14"
"KH","PURSAT","KH-15"
"KH","RATANAKIRI","KH-16"
"KH","SIEM REAP","KH-17"
"KH","STUNG TRENG","KH-19"
"KH","SVAY RIENG","KH-20"
"KH","TAKEO","KH-21"
"KH","ODDAR MEANCHEY","KH-22"
"KH","MONDULKIRI","KH-11"
"KH","BANTEAY MEANCHEY","KH-1"
"KH","BATTAMBANG","KH-2"
"KH","KAMPONG CHAM","KH-3"
"KH","KAMPONG CHHNANG","KH-4"
"KH","KAMPONG SPEU","KH-5"
"KH","KAMPONG THOM","KH-6"
"KH","KAMPOT","KH-7"
"KH","KANDAL","KH-8"
"KH","KEP","KH-23"
"KH","KOH KONG","KH-9"
"KH","KRATIE","KH-10"
"KI","LINE ISLANDS","KI-L"
"KI","GILBERT ISLANDS","KI-G"
"KM","ANJOUAN","KM-A"
"KM","GRANDE COMORE","KM-G"
"KM","MOHELI","KM-M"
"KN","SAINT PAUL CHARLESTOWN","KN-09"
"KN","SAINT GEORGE BASSETERRE","KN-03"
"KP","YANGGANG-DO","KP-10"
"KP","P'YONGYANG-SI","KP-01"
"KP","P'YONGAN-NAMDO","KP-02"
"KP","P'YONGAN-BUKTO","KP-03"
"KP","NAJIN SONBONG-SI","KP-13"
"KP","KANGWON-DO","KP-07"
"KP","HWANGHAE-NAMDO","KP-05"
"KP","HWANGHAE-BUKTO","KP-06"
"KP","HAMGYONG-NAMDO","KP-08"
"KP","HAMGYONG-BUKTO","KP-09"
"KP","CHAGANG-DO","KP-04"
"KR","KYONGSANG-BUKTO","KR-47"
"KR","KYONGSANG-NAMDO","KR-48"
"KR","PUSAN-JIKHALSI","KR-26"
"KR","SEOUL-T'UKPYOLSI","KR-11"
"KR","TAEGU-JIKHALSI","KR-27"
"KR","TAEJON-JIKHALSI","KR-30"
"KR","ULSAN-GWANGYOKSI","KR-31"
"KR","KYONGGI-DO","KR-41"
"KR","KWANGJU-JIKHALSI","KR-29"
"KR","CH'UNGCH'ONG-BUKTO","KR-43"
"KR","CH'UNGCH'ONG-NAMDO","KR-44"
"KR","CHEJU-DO","KR-49"
"KR","CHOLLA-BUKTO","KR-45"
"KR","CHOLLA-NAMDO","KR-46"
"KR","INCH'ON-JIKHALSI","KR-28"
"KR","KANGWON-DO","KR-42"
"KW","MUBARAK AL KABIR","KW-MU"
"KW","HAWALLI","KW-HA"
"KW","AL JAHRA","KW-JA"
"KW","AL FARWANIYAH","KW-FA"
"KW","AL ASIMAH","KW-KU"
"KW","AL AHMADI","KW-AH"
"KZ","ZHAMBYL","KZ-ZHA"
"KZ","QYZYLORDA","KZ-KZY"
"KZ","QOSTANAY","KZ-KUS"
"KZ","QARAGHANDY","KZ-KAR"
"KZ","PAVLODAR","KZ-PAV"
"KZ","MANGGHYSTAU","KZ-MAN"
"KZ","BAYQONYR","KZ-ZAP"
"KZ","ATYRAU","KZ-ATY"
"KZ","ASTANA","KZ-AST"
"KZ","AQTOBE","KZ-AKT"
"KZ","AQMOLA","KZ-AKM"
"KZ","ALMATY CITY","KZ-ALM"
"KZ","ALMATY","KZ-ALA"
"LA","KHOUENG VIANGCHAN","LA-VI"
"LA","KHOUENG XEKONG","LA-XE"
"LA","LOUANGPHRABANG","LA-LP"
"LA","LOUNGNAMTHA","LA-LM"
"LA","OUDOMXAI","LA-OU"
"LA","XAIGNABOURI","LA-XA"
"LA","XIANGKHOANG","LA-XI"
"LA","KHOUENG SAVANNAKHET","LA-SV"
"LA","KHOUENG SALAVAN","LA-SL"
"LA","ATTAPU","LA-AT"
"LA","BOKEO","LA-BK"
"LA","BOLIKHAMXAI","LA-BL"
"LA","CHAMPASAK","LA-CH"
"LA","HOUAPHAN","LA-HO"
"LA","KHOUENG KHAMMOUAN","LA-KH"
"LA","KHOUENG PHONGSALI","LA-PH"
"LB","NABATIYE","LB-NA"
"LB","MONT-LIBAN","LB-JL"
"LB","LIBAN-SUD","LB-JA"
"LB","LIBAN-NORD","LB-AS"
"LB","BEYROUTH","LB-BA"
"LB","BEQAA","LB-BI"
"LB","BAALBEK-HERMEL","LB-BH"
"LB","AAKK","LB-AK"
"LC","VIEUX-FORT","LC-11"
"LC","SOUFRIERE","LC-10"
"LC","MICOUD","LC-08"
"LC","LABORIE","LC-07"
"LC","GROS-ISLET","LC-06"
"LC","DENNERY","LC-05"
"LC","CASTRIES","LC-02"
"LC","ANSE-LA-RAYE","LC-01"
"LI","VADUZ","LI-11"
"LI","TRIESENBERG","LI-10"
"LI","TRIESEN","LI-09"
"LI","SCHELLENBERG","LI-08"
"LI","SCHAAN","LI-07"
"LI","RUGGELL","LI-06"
"LI","PLANKEN","LI-05"
"LI","MAUREN","LI-04"
"LI","GAMPRIN","LI-03"
"LI","ESCHEN","LI-02"
"LI","BALZERS","LI-01"
"LK","UVA","LK-8"
"LK","SABARAGAMUWA","LK-9"
"LR","MARYLAND","LR-MY"
"LR","MONTSERRADO","LR-MO"
"LR","NIMBA","LR-NI"
"LR","RIVER CESS","LR-RI"
"LR","RIVER GEE","LR-RG"
"LR","SINO","LR-SI"
"LR","MARGIBI","LR-MG"
"LR","LOFA","LR-LO"
"LR","GRAND KRU","LR-GK"
"LR","BOMI","LR-BM"
"LR","BONG","LR-BG"
"LR","GBARPOLU","LR-GP"
"LR","GRAND BASSA","LR-GB"
"LR","GRAND CAPE MOUNT","LR-CM"
"LR","GRAND GEDEH","LR-GG"
"LS","THABA-TSEKA","LS-K"
"LS","QUTHING","LS-G"
"LS","QACHAS NEK","LS-H"
"LS","MOKHOTLONG","LS-J"
"LS","MOHALES HOEK","LS-F"
"LS","MASERU","LS-A"
"LS","MAFETENG","LS-E"
"LS","LERIBE","LS-C"
"LS","BUTHA-BUTHE","LS-B"
"LS","BEREA","LS-D"
"LT","TAURAGES APSKRITIS","LT-TA"
"LT","TELSIU APSKRITIS","LT-TE"
"LT","UTENOS APSKRITIS","LT-UT"
"LT","VILNIAUS APSKRITIS","LT-VL"
"LT","SIAULIU APSKRITIS","LT-SA"
"LT","PANEVEZIO APSKRITIS","LT-PN"
"LT","MARIJAMPOLES APSKRITIS","LT-MR"
"LT","KLAIPEDOS APSKRITIS","LT-KL"
"LT","KAUNO APSKRITIS","LT-KU"
"LT","ALYTAUS APSKRITIS","LT-AL"
"LU","LUXEMBOURG","LU-L"
"LU","GREVENMACHER","LU-G"
"LU","DIEKIRCH","LU-D"
"LV","ADAZU","LV-011"
"LV","AGLONAS","LV-001"
"LV","AIZKRAUKLES","LV-002"
"LV","AIZPUTES","LV-003"
"LV","VENTSPILS","LV-106"
"LV","ROPAZU","LV-080"
"LV","ROJAS","LV-079"
"LV","RIGAS","LV-RI"
"LV","RIGA","LV-RIX"
"LV","REZEKNES","LV-077"
"LV","PREILU","LV-073"
"LV","OZOLNIEKU","LV-069"
"LV","OLAINES","LV-068"
"LV","OGRES","LV-067"
"LV","MALPILS","LV-061"
"LV","MADONAS","LV-059"
"LV","LUDZAS","LV-058"
"LV","LUBANAS","LV-057"
"LV","RUGAJU","LV-082"
"LV","RUNDALES","LV-083"
"LV","SALACGRIVAS","LV-086"
"LV","VECUMNIEKU","LV-105"
"LV","VARKAVAS","LV-103"
"LV","VALMIERAS","LV-VM"
"LV","VALKAS","LV-101"
"LV","VAINODES","LV-100"
"LV","TUKUMA","LV-099"
"LV","TALSU","LV-097"
"LV","STRENCU","LV-096"
"LV","STOPINU","LV-095"
"LV","SKRUNDAS","LV-093"
"LV","SIGULDAS","LV-091"
"LV","SEJAS","LV-090"
"LV","SALDUS","LV-088"
"LV","LIMBAZU","LV-LM"
"LV","ALOJAS","LV-005"
"LV","DOBELES","LV-026"
"LV","DAUGAVPILS","LV-025"
"LV","CIBLAS","LV-023"
"LV","CESVAINES","LV-021"
"LV","CESU","LV-022"
"LV","CARNIKAVAS","LV-020"
"LV","BROCENU","LV-018"
"LV","BEVERINAS","LV-017"
"LV","BAUSKAS","LV-016"
"LV","BALVU","LV-015"
"LV","BALTINAVAS","LV-014"
"LV","BABITES","LV-012"
"LV","ALUKSNES","LV-007"
"LV","DUNDAGAS","LV-027"
"LV","GULBENES","LV-033"
"LV","IECAVAS","LV-034"
"LV","LIEPAJAS","LV-LE"
"LV","LIEPAJA","LV-LPX"
"LV","KULDIGAS","LV-050"
"LV","KRASLAVAS","LV-047"
"LV","KOKNESES","LV-046"
"LV","KEKAVAS","LV-052"
"LV","JURMALA","LV-JUR"
"LV","JELGAVAS","LV-041"
"LV","INCUKALNA","LV-037"
"LV","JAUNJELGAVAS","LV-038"
"LV","JAUNPIEBALGAS","LV-039"
"LV","JAUNPILS","LV-040"
"LV","JEKABPILS","LV-042"
"LV","JELGAVA","LV-JEL"
"LY","DARNAH","LY-DR"
"LY","GHAT","LY-GT"
"LY","MISRATAH","LY-MI"
"LY","MURZUQ","LY-MQ"
"LY","NALUT","LY-NL"
"LY","SABHA","LY-SB"
"LY","SURT","LY-SR"
"LY","TRIPOLI","LY-TB"
"LY","WADI AL HAYAT","LY-WD"
"LY","WADI ASH SHATI'","LY-WS"
"LY","BENGHAZI","LY-BA"
"LY","AZ ZAWIYAH","LY-ZA"
"LY","AL BUTNAN","LY-BU"
"LY","AL JABAL AL AKHDAR","LY-JA"
"LY","AL JABAL AL GHARBI","LY-JG"
"LY","AL JIFARAH","LY-JI"
"LY","AL JUFRAH","LY-JU"
"LY","AL KUFRAH","LY-KF"
"LY","AL MARJ","LY-MJ"
"LY","AL MARQAB","LY-MB"
"LY","AL WAHAT","LY-WA"
"LY","AN NUQAT AL KHAMS","LY-NQ"
"MA","ORIENTAL","MA-04"
"MA","RABAT-SALE-ZEMMOUR-ZAER","MA-07"
"MA","SOUSS-MASSA-DR","MA-13"
"MA","TADLA-AZILAL","MA-12"
"MA","TANGER-TETOUAN","MA-01"
"MA","TAZA-AL HOCEIMA-TAOUNATE","MA-03"
"MA","MEKNES-TAFILALET","MA-06"
"MA","MARRAKECH-TENSIFT-AL HAOUZ","MA-11"
"MA","CHAOUIA-OUARDIGHA","MA-09"
"MA","DOUKKALA-ABDA","MA-10"
"MA","FES-BOULEMANE","MA-05"
"MA","GHARB-CHRARDA-BENI HSSEN","MA-02"
"MA","GRAND CASABLANCA","MA-08"
"MA","GUELMIM-ES SMARA","MA-14"
"MC","MONACO","MC-MO"
"MD","REZINA","MD-RE"
"MD","ORHEI","MD-OR"
"MD","OCNITA","MD-OC"
"MD","NISPORENI","MD-NI"
"MD","LEOVA","MD-LE"
"MD","IALOVENI","MD-IA"
"MD","HINCESTI","MD-HI"
"MD","RISCANI","MD-RI"
"MD","SINGEREI","MD-SI"
"MD","SOLDANESTI","MD-SD"
"MD","SOROCA","MD-SO"
"MD","STEFAN-VODA","MD-SV"
"MD","STINGA NISTRULUI","MD-SN"
"MD","STRASENI","MD-ST"
"MD","TARACLIA","MD-TA"
"MD","TELENESTI","MD-TE"
"MD","UNGHENI","MD-UN"
"MD","GLODENI","MD-GL"
"MD","GAGAUZIA","MD-GA"
"MD","FLORESTI","MD-FL"
"MD","ANENII NOI","MD-AN"
"MD","BALTI","MD-BA"
"MD","BASARABEASCA","MD-BS"
"MD","BENDER","MD-TI"
"MD","BRICENI","MD-BR"
"MD","CAHUL","MD-CA"
"MD","CALARASI","MD-CL"
"MD","CANTEMIR","MD-CT"
"MD","CAUSENI","MD-CS"
"MD","CHISINAU","MD-CU"
"MD","FALESTI","MD-FA"
"MD","EDINET","MD-ED"
"MD","DUBASARI","MD-DU"
"MD","DROCHIA","MD-DR"
"MD","DONDUSENI","MD-DO"
"MD","CRIULENI","MD-CR"
"MD","CIMISLIA","MD-CM"
"ME","OPSTINA ZABLJAK","ME-21"
"ME","OPSTINA ULCINJ","ME-20"
"ME","OPSTINA TIVAT","ME-19"
"ME","OPSTINA PODGORICA","ME-16"
"ME","OPSTINA NIKSIC","ME-12"
"ME","OPSTINA MOJKOVAC","ME-11"
"ME","OPSTINA KOTOR","ME-10"
"ME","OPSTINA KOLASIN","ME-09"
"ME","OPSTINA HERCEG NOVI","ME-08"
"ME","OPSTINA DANILOVGRAD","ME-07"
"ME","OPSTINA CETINJE","ME-06"
"ME","OPSTINA BUDVA","ME-05"
"ME","OPSTINA BAR","ME-02"
"MG","TOLIARA","MG-U"
"MG","TOAMASINA","MG-A"
"MG","MAHAJANGA","MG-M"
"MG","FIANARANTSOA","MG-F"
"MG","ANTSIRANANA","MG-D"
"MG","ANTANANARIVO","MG-T"
"MH","MAJURO ATOLL","MH-MAJ"
"MH","MALOELAP ATOLL","MH-MAL"
"MH","MEJIT ISLAND","MH-MEJ"
"MH","MILI ATOLL","MH-MIL"
"MH","NAMDRIK ATOLL","MH-NMK"
"MH","NAMU ATOLL","MH-NMU"
"MH","RONGELAP ATOLL","MH-RON"
"MH","UJAE ATOLL","MH-UJA"
"MH","UTRIK ATOLL","MH-UTI"
"MH","WOTHO ATOLL","MH-WTH"
"MH","WOTJE ATOLL","MH-WTJ"
"MH","LIKIEP ATOLL","MH-LIK"
"MH","LIB ISLAND","MH-LIB"
"MH","AILINGLAPLAP ATOLL","MH-ALL"
"MH","AILUK ATOLL","MH-ALK"
"MH","ARNO ATOLL","MH-ARN"
"MH","AUR ATOLL","MH-AUR"
"MH","EBON ATOLL","MH-EBO"
"MH","ENEWETAK ATOLL","MH-ENI"
"MH","JABAT ISLAND","MH-JAB"
"MH","JALUIT ATOLL","MH-JAL"
"MH","KILI ISLAND","MH-KIL"
"MH","KWAJALEIN ATOLL","MH-KWA"
"MH","LAE ATOLL","MH-LAE"
"MK","KONCE","MK-41"
"MK","KRATOVO","MK-43"
"MK","KRIVA PALANKA","MK-44"
"MK","KRIVOGASTANI","MK-45"
"MK","KOCANI","MK-42"
"MK","KISELA VODA","MK-39"
"MK","KICEVO","MK-40"
"MK","KAVADARCI","MK-36"
"MK","KARPOS","MK-38"
"MK","KARBINCI","MK-37"
"MK","KRUSEVO","MK-46"
"MK","KUMANOVO","MK-47"
"MK","OSLOMEJ","MK-57"
"MK","OHRID","MK-58"
"MK","NOVO SELO","MK-56"
"MK","NOVACI","MK-55"
"MK","NEGOTINO","MK-54"
"MK","MOGILA","MK-53"
"MK","MAKEDONSKI BROD","MK-52"
"MK","MAKEDONSKA KAMENICA","MK-51"
"MK","LOZOVO","MK-49"
"MK","LIPKOVO","MK-48"
"MK","JEGUNOVCE","MK-35"
"MK","ILINDEN","MK-34"
"MK","CENTAR ZUPA","MK-78"
"MK","CENTAR","MK-77"
"MK","CASKA","MK-80"
"MK","BRVENICA","MK-08"
"MK","BOSILOVO","MK-07"
"MK","BOGOVINJE","MK-06"
"MK","BOGDANCI","MK-05"
"MK","BITOLA","MK-04"
"MK","BEROVO","MK-03"
"MK","CESINOVO","MK-81"
"MK","CUCER-SANDEVO","MK-82"
"MK","DEBAR","MK-21"
"MK","GRADSKO","MK-20"
"MK","GOSTIVAR","MK-19"
"MK","GEVGELIJA","MK-18"
"MK","GAZI BABA","MK-17"
"MK","DRUGOVO","MK-28"
"MK","DOLNENI","MK-27"
"MK","DEMIR KAPIJA","MK-24"
"MK","DEMIR HISAR","MK-25"
"MK","DELCEVO","MK-23"
"MK","ARACINOVO","MK-02"
"MK","ZRNOVCI","MK-33"
"MK","SVETI NIKOLE","MK-69"
"MK","TEARCE","MK-75"
"MK","TETOVO","MK-76"
"MK","VALANDOVO","MK-10"
"MK","VASILEVO","MK-11"
"MK","VELES","MK-13"
"MK","VEVCANI","MK-12"
"MK","VINICA","MK-14"
"MK","VRANESTICA","MK-15"
"MK","VRAPCISTE","MK-16"
"MK","ZAJAS","MK-31"
"MK","ZELENIKOVO","MK-32"
"MK","ZELINO","MK-30"
"MK","SUTO ORIZARI","MK-84"
"MK","STUDENICANI","MK-74"
"MK","STRUMICA","MK-73"
"MK","PEHCEVO","MK-60"
"MK","PETROVEC","MK-59"
"MK","PLASNICA","MK-61"
"MK","PRILEP","MK-62"
"MK","PROBISTIP","MK-63"
"MK","RADOVIS","MK-64"
"MK","RANKOVCE","MK-65"
"MK","RESEN","MK-66"
"MK","STRUGA","MK-72"
"MK","STIP","MK-83"
"MK","STARO NAGORICANE","MK-71"
"MK","SOPISTE","MK-70"
"MK","SARAJ","MK-68"
"MK","ROSOMAN","MK-67"
"ML","TOMBOUCTOU","ML-6"
"ML","SIKASSO","ML-3"
"ML","SEGOU","ML-4"
"ML","MOPTI","ML-5"
"ML","KOULIKORO","ML-2"
"ML","KIDAL","ML-8"
"ML","KAYES","ML-1"
"ML","GAO","ML-7"
"ML","BAMAKO","ML-BKO"
"MM","YANGON","MM-06"
"MM","SHAN STATE","MM-17"
"MM","RAKHINE STATE","MM-16"
"MM","MON STATE","MM-15"
"MM","MANDALAY","MM-04"
"MM","MAGWE","MM-03"
"MM","KAYAH STATE","MM-12"
"MM","KACHIN STATE","MM-11"
"MM","CHIN STATE","MM-14"
"MN","HOVD","MN-043"
"MN","HOVSGOL","MN-041"
"MN","OMNOGOVI","MN-053"
"MN","ORHON","MN-035"
"MN","OVORHANGAY","MN-055"
"MN","SELENGE","MN-049"
"MN","SUHBAATAR","MN-051"
"MN","TOV","MN-047"
"MN","ULAANBAATAR","MN-1"
"MN","UVS","MN-046"
"MN","HENTIY","MN-039"
"MN","GOVISUMBER","MN-064"
"MN","ARHANGAY","MN-073"
"MN","BAYAN-OLGIY","MN-071"
"MN","BAYANHONGOR","MN-069"
"MN","BULGAN","MN-067"
"MN","DARHAN-UUL","MN-037"
"MN","DORNOD","MN-061"
"MN","DORNOGOVI","MN-063"
"MN","DUNDGOVI","MN-059"
"MN","DZAVHAN","MN-057"
"MN","GOVI-ALTAY","MN-065"
"MR","INCHIRI","MR-12"
"MR","NOUAKCHOTT","MR-NKC"
"MR","TAGANT","MR-09"
"MR","TIRIS ZEMMOUR","MR-11"
"MR","TRARZA","MR-06"
"MR","HODH EL GHARBI","MR-02"
"MR","HODH ECH CHARGUI","MR-01"
"MR","GUIDIMAKA","MR-10"
"MR","ADRAR","MR-07"
"MR","ASSABA","MR-03"
"MR","BRAKNA","MR-05"
"MR","DAKHLET NOUADHIBOU","MR-08"
"MR","GORGOL","MR-04"
"MU","SAVANNE","MU-SA"
"MU","RIVIERE DU REMPART","MU-RR"
"MU","PORT LOUIS","MU-PL"
"MU","PLAINES WILHEMS","MU-PW"
"MU","PAMPLEMOUSSES","MU-PA"
"MU","MOKA","MU-MO"
"MU","GRAND PORT","MU-GP"
"MU","FLACQ","MU-FL"
"MU","BLACK RIVER","MU-BL"
"MV","MEEMU","MV-12"
"MV","NOONU","MV-25"
"MV","RAA","MV-13"
"MV","SEENU","MV-01"
"MV","SHAVIYANI","MV-24"
"MV","THAA","MV-08"
"MV","MAALE","MV-MLE"
"MV","LAAMU","MV-05"
"MV","KAAFU","MV-26"
"MV","ALIFU","MV-02"
"MV","BAA","MV-20"
"MV","DHAALU","MV-17"
"MV","GAAFU DHAALU","MV-28"
"MV","HAA ALIFU","MV-07"
"MV","HAA DHAALU","MV-23"
"MW","MWANZA","MW-MW"
"MW","MZIMBA","MW-MZ"
"MW","NENO","MW-NE"
"MW","NKHATA BAY","MW-NB"
"MW","NKHOTAKOTA","MW-NK"
"MW","NSANJE","MW-NS"
"MW","NTCHEU","MW-NU"
"MW","NTCHISI","MW-NI"
"MW","PHALOMBE","MW-PH"
"MW","RUMPHI","MW-RU"
"MW","SALIMA","MW-SA"
"MW","THYOLO","MW-TH"
"MW","ZOMBA","MW-ZO"
"MW","MULANJE","MW-MU"
"MW","MCHINJI","MW-MC"
"MW","BALAKA","MW-BA"
"MW","BLANTYRE","MW-BL"
"MW","CHIKWAWA","MW-CK"
"MW","CHIRADZULU","MW-CR"
"MW","CHITIPA","MW-CT"
"MW","DEDZA","MW-DE"
"MW","DOWA","MW-DO"
"MW","KARONGA","MW-KR"
"MW","KASUNGU","MW-KS"
"MW","LIKOMA","MW-LK"
"MW","LILONGWE","MW-LI"
"MW","MACHINGA","MW-MH"
"MW","MANGOCHI","MW-MG"
"MX","QUINTANA ROO","MX-ROO"
"MX","QUERETARO DE ARTEAGA","MX-QUE"
"MX","PUEBLA","MX-PUE"
"MX","OAXACA","MX-OAX"
"MX","NUEVO LEON","MX-NLE"
"MX","NAYARIT","MX-NAY"
"MX","SAN LUIS POTOSI","MX-SLP"
"MX","SINALOA","MX-SIN"
"MX","SONORA","MX-SON"
"MX","TABASCO","MX-TAB"
"MX","TAMAULIPAS","MX-TAM"
"MX","TLAXCALA","MX-TLA"
"MX","VERACRUZ-LLAVE","MX-VER"
"MX","YUCATAN","MX-YUC"
"MX","ZACATECAS","MX-ZAC"
"MX","MORELOS","MX-MOR"
"MX","MICHOACAN DE OCAMPO","MX-MIC"
"MX","AGUASCALIENTES","MX-AGU"
"MX","BAJA CALIFORNIA","MX-BCN"
"MX","BAJA CALIFORNIA SUR","MX-BCS"
"MX","CAMPECHE","MX-CAM"
"MX","CHIAPAS","MX-CHP"
"MX","CHIHUAHUA","MX-CHH"
"MX","COAHUILA DE ZARAGOZA","MX-COA"
"MX","COLIMA","MX-COL"
"MX","DISTRITO FEDERAL","MX-DIF"
"MX","MEXICO","MX-MEX"
"MX","JALISCO","MX-JAL"
"MX","HIDALGO","MX-HID"
"MX","GUERRERO","MX-GRO"
"MX","GUANAJUATO","MX-GUA"
"MX","DURANGO","MX-DUR"
"MY","PERLIS","MY-09"
"MY","PULAU PINANG","MY-07"
"MY","PUTRAJAYA","MY-16"
"MY","SABAH","MY-12"
"MY","SARAWAK","MY-13"
"MY","SELANGOR","MY-10"
"MY","TERENGGANU","MY-11"
"MY","PERAK","MY-08"
"MY","PAHANG","MY-06"
"MY","JOHOR","MY-01"
"MY","KEDAH","MY-02"
"MY","KELANTAN","MY-03"
"MY","KUALA LUMPUR","MY-14"
"MY","LABUAN","MY-15"
"MY","MELAKA","MY-04"
"MY","NEGERI SEMBILAN","MY-05"
"MZ","ZAMBEZIA","MZ-Q"
"MZ","TETE","MZ-T"
"MZ","SOFALA","MZ-S"
"MZ","NIASSA","MZ-A"
"MZ","NAMPULA","MZ-N"
"MZ","MAPUTO","MZ-L"
"MZ","MANICA","MZ-B"
"MZ","INHAMBANE","MZ-I"
"MZ","GAZA","MZ-G"
"MZ","CABO DELGADO","MZ-P"
"NA","OMAHEKE","NA-OH"
"NA","OMUSATI","NA-OS"
"NA","OSHANA","NA-ON"
"NA","OSHIKOTO","NA-OT"
"NA","OTJOZONDJUPA","NA-OD"
"NA","OKAVANGO","NA-OK"
"NA","OHANGWENA","NA-OW"
"NA","CAPRIVI","NA-CA"
"NA","ERONGO","NA-ER"
"NA","HARDAP","NA-HA"
"NA","KARAS","NA-KA"
"NA","KUNENE","NA-KU"
"NE","ZINDER","NE-7"
"NE","TILLABERI","NE-6"
"NE","TAHOUA","NE-5"
"NE","NIAMEY","NE-8"
"NE","MARADI","NE-4"
"NE","DOSSO","NE-3"
"NE","DIFFA","NE-2"
"NE","AGADEZ","NE-1"
"NG","DELTA","NG-DE"
"NG","CROSS RIVER","NG-CR"
"NG","BORNO","NG-BO"
"NG","BENUE","NG-BE"
"NG","BAYELSA","NG-BY"
"NG","BAUCHI","NG-BA"
"NG","ANAMBRA","NG-AN"
"NG","AKWA IBOM","NG-AK"
"NG","ADAMAWA","NG-AD"
"NG","ABIA","NG-AB"
"NG","EBONYI","NG-EB"
"NG","EDO","NG-ED"
"NG","NIGER","NG-NI"
"NG","OGUN","NG-OG"
"NG","ONDO","NG-ON"
"NG","OSUN","NG-OS"
"NG","OYO","NG-OY"
"NG","PLATEAU","NG-PL"
"NG","RIVERS","NG-RI"
"NG","SOKOTO","NG-SO"
"NG","TARABA","NG-TA"
"NG","YOBE","NG-YO"
"NG","ZAMFARA","NG-ZA"
"NG","NASSARAWA","NG-NA"
"NG","LAGOS","NG-LA"
"NG","KWARA","NG-KW"
"NG","EKITI","NG-EK"
"NG","ENUGU","NG-EN"
"NG","FEDERAL CAPITAL TERRITORY","NG-FC"
"NG","GOMBE","NG-GO"
"NG","IMO","NG-IM"
"NG","JIGAWA","NG-JI"
"NG","KADUNA","NG-KD"
"NG","KANO","NG-KN"
"NG","KATSINA","NG-KT"
"NG","KEBBI","NG-KE"
"NG","KOGI","NG-KO"
"NI","MANAGUA","NI-MN"
"NI","MASAYA","NI-MS"
"NI","MATAGALPA","NI-MT"
"NI","NUEVA SEGOVIA","NI-NS"
"NI","REGION AUTONOMA ATLANTICO SUR","NI-AS"
"NI","RIO SAN JUAN","NI-SJ"
"NI","RIVAS","NI-RI"
"NI","MADRIZ","NI-MD"
"NI","LEON","NI-LE"
"NI","JINOTEGA","NI-JI"
"NI","AUTONOMA ATLANTICO NORTE","NI-AN"
"NI","BOACO","NI-BO"
"NI","CARAZO","NI-CA"
"NI","CHINANDEGA","NI-CI"
"NI","CHONTALES","NI-CO"
"NI","ESTELI","NI-ES"
"NI","GRANADA","NI-GR"
"NL","ZUID-HOLLAND","NL-ZH"
"NL","ZEELAND","NL-ZE"
"NL","UTRECHT","NL-UT"
"NL","OVERIJSSEL","NL-OV"
"NL","NOORD-HOLLAND","NL-NH"
"NL","NOORD-BRABANT","NL-NB"
"NL","LIMBURG","NL-LI"
"NL","DRENTHE","NL-DR"
"NL","FLEVOLAND","NL-FL"
"NL","FRIESLAND","NL-FR"
"NL","GELDERLAND","NL-GE"
"NL","GRONINGEN","NL-GR"
"NO","OSTFOLD","NO-01"
"NO","ROGALAND","NO-11"
"NO","SOGN OG FJORDANE","NO-14"
"NO","SOR-TRONDELAG","NO-16"
"NO","TELEMARK","NO-08"
"NO","TROMS","NO-19"
"NO","VEST-AGDER","NO-10"
"NO","VESTFOLD","NO-07"
"NO","OSLO","NO-03"
"NO","OPPLAND","NO-05"
"NO","NORDLAND","NO-18"
"NO","AKERSHUS","NO-02"
"NO","AUST-AGDER","NO-09"
"NO","BUSKERUD","NO-06"
"NO","FINNMARK","NO-20"
"NO","HEDMARK","NO-04"
"NO","HORDALAND","NO-12"
"NO","MORE OG ROMSDAL","NO-15"
"NO","NORD-TRONDELAG","NO-17"
"NP","MAHAKALI","NP-MA"
"NP","MECHI","NP-ME"
"NP","NARAYANI","NP-NA"
"NP","RAPTI","NP-RA"
"NP","SAGARMATHA","NP-SA"
"NP","SETI","NP-SE"
"NP","LUMBINI","NP-LU"
"NP","KOSI","NP-KO"
"NP","BAGMATI","NP-BA"
"NP","BHERI","NP-BH"
"NP","DHAWALAGIRI","NP-DH"
"NP","GANDAKI","NP-GA"
"NP","JANAKPUR","NP-JA"
"NP","KARNALI","NP-KA"
"NR","YAREN","NR-14"
"NZ","OTAGO","NZ-OTA"
"NZ","SOUTHLAND","NZ-STL"
"NZ","TARANAKI","NZ-TKI"
"NZ","TASMAN","NZ-TAS"
"NZ","WAIKATO","NZ-WKO"
"NZ","WELLINGTON","NZ-WGN"
"NZ","WEST COAST","NZ-WTC"
"NZ","NORTHLAND","NZ-NTL"
"NZ","NELSON","NZ-NSN"
"NZ","MARLBOROUGH","NZ-MBH"
"NZ","AUCKLAND","NZ-AUK"
"NZ","BAY OF PLENTY","NZ-BOP"
"NZ","CANTERBURY","NZ-CAN"
"NZ","CHATHAM ISLANDS","NZ-CIT"
"NZ","GISBORNE","NZ-GIS"
"NZ","HAWKE'S BAY","NZ-HKB"
"NZ","MANAWATU-WANGANUI","NZ-MWT"
"OM","ZUFAR","OM-ZU"
"OM","MUSANDAM","OM-MU"
"OM","MASQAT","OM-MA"
"OM","AZ ZAHIRAH","OM-ZA"
"OM","ASH SHARQIYAH","OM-SH"
"OM","AL WUSTA","OM-WU"
"OM","AL BURAYMI","OM-BU"
"OM","AL BATINAH","OM-BA"
"OM","AD DAKHILIYAH","OM-DA"
"PA","VERAGUAS","PA-9"
"PA","PANAMA","PA-8"
"PA","LOS SANTOS","PA-7"
"PA","HERRERA","PA-6"
"PA","DARIEN","PA-5"
"PA","COLON","PA-3"
"PA","COCLE","PA-2"
"PA","CHIRIQUI","PA-4"
"PA","BOCAS DEL TORO","PA-1"
"PE","LIMA","PE-LIM"
"PE","LORETO","PE-LOR"
"PE","MADRE DE DIOS","PE-MDD"
"PE","MOQUEGUA","PE-MOQ"
"PE","PASCO","PE-PAS"
"PE","PIURA","PE-PIU"
"PE","PUNO","PE-PUN"
"PE","SAN MARTIN","PE-SAM"
"PE","TACNA","PE-TAC"
"PE","TUMBES","PE-TUM"
"PE","UCAYALI","PE-UCA"
"PE","LAMBAYEQUE","PE-LAM"
"PE","LA LIBERTAD","PE-LAL"
"PE","JUNIN","PE-JUN"
"PE","AMAZONAS","PE-AMA"
"PE","ANCASH","PE-ANC"
"PE","APURIMAC","PE-APU"
"PE","AREQUIPA","PE-ARE"
"PE","AYACUCHO","PE-AYA"
"PE","CAJAMARCA","PE-CAJ"
"PE","CALLAO","PE-CAL"
"PE","CUSCO","PE-CUS"
"PE","HUANCAVELICA","PE-HUV"
"PE","HUANUCO","PE-HUC"
"PE","ICA","PE-ICA"
"PG","NATIONAL CAPITAL","PG-NCD"
"PG","NEW IRELAND","PG-NIK"
"PG","NORTHERN","PG-NPP"
"PG","SANDAUN","PG-SAN"
"PG","SOUTHERN HIGHLANDS","PG-SHM"
"PG","WEST NEW BRITAIN","PG-WBK"
"PG","WESTERN","PG-WPD"
"PG","WESTERN HIGHLANDS","PG-WHM"
"PG","MOROBE","PG-MPL"
"PG","MILNE BAY","PG-MBA"
"PG","CHIMBU","PG-CPK"
"PG","EAST NEW BRITAIN","PG-EBR"
"PG","EAST SEPIK","PG-ESW"
"PG","EASTERN HIGHLANDS","PG-EHG"
"PG","ENGA","PG-EPW"
"PG","GULF","PG-GPK"
"PG","MADANG","PG-MPM"
"PG","MANUS","PG-MRL"
"PH","LEYTE","PH-LEY"
"PH","MAGUINDANAO","PH-MAG"
"PH","MARINDUQUE","PH-MAD"
"PH","MASBATE","PH-MAS"
"PH","MINDORO OCCIDENTAL","PH-MDC"
"PH","LANAO DEL SUR","PH-LAS"
"PH","LANAO DEL NORTE","PH-LAN"
"PH","LAGUNA","PH-LAG"
"PH","LA UNION","PH-LUN"
"PH","KALINGA-APAYAO","PH-KAL"
"PH","ISABELA","PH-ISA"
"PH","ILOILO","PH-ILI"
"PH","ILOCOS SUR","PH-ILS"
"PH","MINDORO ORIENTAL","PH-MDR"
"PH","MISAMIS OCCIDENTAL","PH-MSC"
"PH","RIZAL","PH-RIZ"
"PH","QUIRINO","PH-QUI"
"PH","QUEZON","PH-QUE"
"PH","PANGASINAN","PH-PAN"
"PH","PAMPANGA","PH-PAM"
"PH","PALAWAN","PH-PLW"
"PH","NUEVA VIZCAYA","PH-NUV"
"PH","NUEVA ECIJA","PH-NUE"
"PH","NORTHERN SAMAR","PH-NSA"
"PH","NEGROS ORIENTAL","PH-NER"
"PH","NEGROS OCCIDENTAL","PH-NEC"
"PH","MOUNTAIN","PH-MOU"
"PH","MISAMIS ORIENTAL","PH-MSR"
"PH","ILOCOS NORTE","PH-ILN"
"PH","IFUGAO","PH-IFU"
"PH","BOHOL","PH-BOH"
"PH","BENGUET","PH-BEN"
"PH","BATANGAS","PH-BTG"
"PH","BATANES","PH-BTN"
"PH","BATAAN","PH-BAN"
"PH","BASILAN","PH-BAS"
"PH","AURORA","PH-AUR"
"PH","ANTIQUE","PH-ANT"
"PH","ALBAY","PH-ALB"
"PH","AKLAN","PH-AKL"
"PH","AGUSAN DEL SUR","PH-AGS"
"PH","AGUSAN DEL NORTE","PH-AGN"
"PH","BUKIDNON","PH-BUK"
"PH","BULACAN","PH-BUL"
"PH","CAGAYAN","PH-CAG"
"PH","EASTERN SAMAR","PH-EAS"
"PH","DAVAO ORIENTAL","PH-DAO"
"PH","DAVAO DEL SUR","PH-DAS"
"PH","DAVAO","PH-11"
"PH","COTABATO","PH-NCO"
"PH","CEBU","PH-CEB"
"PH","CAVITE","PH-CAV"
"PH","CATANDUANES","PH-CAT"
"PH","CAPIZ","PH-CAP"
"PH","CAMIGUIN","PH-CAM"
"PH","CAMARINES SUR","PH-CAS"
"PH","CAMARINES NORTE","PH-CAN"
"PH","ABRA","PH-ABR"
"PH","ROMBLON","PH-ROM"
"PH","ZAMBOANGA DEL SUR","PH-ZAS"
"PH","ZAMBOANGA DEL NORTE","PH-ZAN"
"PH","ZAMBALES","PH-ZMB"
"PH","TAWITAWI","PH-TAW"
"PH","TARLAC","PH-TAR"
"PH","SURIGAO DEL SUR","PH-SUR"
"PH","SURIGAO DEL NORTE","PH-SUN"
"PH","SULU","PH-SLU"
"PH","SAMAR","PH-WSA"
"PH","SIQUIJOR","PH-SIG"
"PH","SORSOGON","PH-SOR"
"PH","SOUTH COTABATO","PH-SCO"
"PH","SOUTHERN LEYTE","PH-SLE"
"PH","SULTAN KUDARAT","PH-SUK"
"PK","SINDH","PK-SD"
"PK","PUNJAB","PK-PB"
"PK","ISLAMABAD","PK-IS"
"PK","FEDERALLY ADMINISTERED TRIBAL AREAS","PK-TA"
"PK","BALOCHISTAN","PK-BA"
"PK","AZAD KASHMIR","PK-JK"
"PL","PODLASKIE","PL-PD"
"PL","POMORSKIE","PL-PM"
"PL","SLASKIE","PL-SL"
"PL","SWIETOKRZYSKIE","PL-SK"
"PL","WARMINSKO-MAZURSKIE","PL-WN"
"PL","WIELKOPOLSKIE","PL-WP"
"PL","ZACHODNIOPOMORSKIE","PL-ZP"
"PL","PODKARPACKIE","PL-PK"
"PL","OPOLSKIE","PL-OP"
"PL","DOLNOSLASKIE","PL-DS"
"PL","KUJAWSKO-POMORSKIE","PL-KP"
"PL","LODZKIE","PL-LD"
"PL","LUBELSKIE","PL-LU"
"PL","LUBUSKIE","PL-LB"
"PL","MALOPOLSKIE","PL-MA"
"PL","MAZOWIECKIE","PL-MZ"
"PS","GAZA","PS-GZA"
"PT","LISBOA","PT-11"
"PT","MADEIRA","PT-30"
"PT","PORTALEGRE","PT-12"
"PT","PORTO","PT-13"
"PT","SANTAREM","PT-14"
"PT","SETUBAL","PT-15"
"PT","VIANA DO CASTELO","PT-16"
"PT","VILA REAL","PT-17"
"PT","VISEU","PT-18"
"PT","LEIRIA","PT-10"
"PT","GUARDA","PT-09"
"PT","AVEIRO","PT-01"
"PT","AZORES","PT-20"
"PT","BEJA","PT-02"
"PT","BRAGA","PT-03"
"PT","BRAGANCA","PT-04"
"PT","CASTELO BRANCO","PT-05"
"PT","COIMBRA","PT-06"
"PT","EVORA","PT-07"
"PT","FARO","PT-08"
"PW","NGARCHELONG","PW-218"
"PW","NGARDMAU","PW-222"
"PW","NGATPANG","PW-224"
"PW","NGIWAL","PW-228"
"PW","PELELIU","PW-350"
"PW","NGARAARD","PW-214"
"PW","MELEKEOK","PW-212"
"PW","AIMELIIK","PW-002"
"PW","AIRAI","PW-004"
"PW","ANGAUR","PW-010"
"PW","KAYANGEL","PW-100"
"PW","KOROR","PW-150"
"PY","CORDILLERA","PY-3"
"PY","GUAIRA","PY-4"
"PY","ITAPUA","PY-7"
"PY","MISIONES","PY-8"
"PY","NEEMBUCU","PY-12"
"PY","PARAGUARI","PY-9"
"PY","PRESIDENTE HAYES","PY-15"
"PY","SAN PEDRO","PY-2"
"PY","CONCEPCION","PY-1"
"PY","CENTRAL","PY-11"
"PY","ALTO PARAGUAY","PY-16"
"PY","ALTO PARANA","PY-10"
"PY","AMAMBAY","PY-13"
"PY","ASUNCION","PY-ASU"
"PY","BOQUERON","PY-19"
"PY","CAAGUAZU","PY-5"
"PY","CAAZAPA","PY-6"
"PY","CANINDEYU","PY-14"
"QA","UMM SALAL","QA-US"
"QA","MADINAT ACH SHAMAL","QA-MS"
"QA","AZ ZA'AYIN","QA-ZA"
"QA","AR RAYYAN","QA-RA"
"QA","AL WAKRAH","QA-WA"
"QA","AL KHAWR","QA-KH"
"QA","AD DAWHAH","QA-DA"
"RO","OLT","RO-OT"
"RO","NEAMT","RO-NT"
"RO","MURES","RO-MS"
"RO","MEHEDINTI","RO-MH"
"RO","MARAMURES","RO-MM"
"RO","ILFOV","RO-IF"
"RO","IASI","RO-IS"
"RO","IALOMITA","RO-IL"
"RO","HUNEDOARA","RO-HD"
"RO","PRAHOVA","RO-PH"
"RO","SALAJ","RO-SJ"
"RO","VRANCEA","RO-VN"
"RO","VASLUI","RO-VS"
"RO","VALCEA","RO-VL"
"RO","TULCEA","RO-TL"
"RO","TIMIS","RO-TM"
"RO","TELEORMAN","RO-TR"
"RO","SUCEAVA","RO-SV"
"RO","SIBIU","RO-SB"
"RO","SATU MARE","RO-SM"
"RO","HARGHITA","RO-HR"
"RO","GORJ","RO-GJ"
"RO","BRASOV","RO-BV"
"RO","BRAILA","RO-BR"
"RO","BOTOSANI","RO-BT"
"RO","BISTRITA-NASAUD","RO-BN"
"RO","BIHOR","RO-BH"
"RO","BACAU","RO-BC"
"RO","ARGES","RO-AG"
"RO","ARAD","RO-AR"
"RO","ALBA","RO-AB"
"RO","BUCURESTI","RO-B"
"RO","BUZAU","RO-BZ"
"RO","GIURGIU","RO-GR"
"RO","GALATI","RO-GL"
"RO","DOLJ","RO-DJ"
"RO","DAMBOVITA","RO-DB"
"RO","COVASNA","RO-CV"
"RO","CONSTANTA","RO-CT"
"RO","CLUJ","RO-CJ"
"RO","CARAS-SEVERIN","RO-CS"
"RO","CALARASI","RO-CL"
"RS","VOJVODINA","RS-VO"
"RS","KOSOVO","RS-KM"
"RU","PRIMOR'YE","RU-PRI"
"RU","PSKOV","RU-PSK"
"RU","ROSTOV","RU-ROS"
"RU","RYAZAN'","RU-RYA"
"RU","SAINT PETERSBURG CITY","RU-SPE"
"RU","SAKHA","RU-SA"
"RU","SAKHALIN","RU-SAK"
"RU","SAMARA","RU-SAM"
"RU","PERMSKIY KRAY","RU-PER"
"RU","PENZA","RU-PNZ"
"RU","MURMANSK","RU-MUR"
"RU","NENETS","RU-NEN"
"RU","NIZHEGOROD","RU-NIZ"
"RU","NOVGOROD","RU-NGR"
"RU","NOVOSIBIRSK","RU-NVS"
"RU","OMSK","RU-OMS"
"RU","OREL","RU-ORL"
"RU","ORENBURG","RU-ORE"
"RU","SARATOV","RU-SAR"
"RU","SMOLENSK","RU-SMO"
"RU","STAVROPOL'","RU-STA"
"RU","YEVREY","RU-YEV"
"RU","YAROSLAVL'","RU-YAR"
"RU","YAMAL-NENETS","RU-YAN"
"RU","VORONEZH","RU-VOR"
"RU","VOLOGDA","RU-VLG"
"RU","VOLGOGRAD","RU-VGG"
"RU","VLADIMIR","RU-VLA"
"RU","UL'YANOVSK","RU-ULY"
"RU","UDMURT","RU-UD"
"RU","TYUMEN'","RU-TYU"
"RU","TVER'","RU-TVE"
"RU","TUVA","RU-TY"
"RU","TULA","RU-TUL"
"RU","TOMSK","RU-TOM"
"RU","TATARSTAN","RU-TA"
"RU","TAMBOVSKAYA OBLAST","RU-TAM"
"RU","SVERDLOVSK","RU-SVE"
"RU","ZABAYKALSKY","RU-ZAB"
"RU","ADYGEYA","RU-AD"
"RU","KALININGRAD","RU-KGD"
"RU","KABARDIN-BALKAR","RU-KB"
"RU","IVANOVO","RU-IVA"
"RU","IRKUTSK","RU-IRK"
"RU","INGUSH","RU-IN"
"RU","GORNO-ALTAY","RU-AL"
"RU","DAGESTAN","RU-DA"
"RU","CHUVASHIA","RU-CU"
"RU","CHUKOT","RU-CHU"
"RU","BURYAT","RU-BU"
"RU","BRYANSK","RU-BRY"
"RU","BELGOROD","RU-BEL"
"RU","BASHKORTOSTAN","RU-BA"
"RU","ASTRAKHAN'","RU-AST"
"RU","ARKHANGELSK","RU-ARK"
"RU","AMUR","RU-AMU"
"RU","ALTAISKY KRAI","RU-ALT"
"RU","KALMYK","RU-KL"
"RU","KALUGA","RU-KLU"
"RU","KAMCHATKA","RU-DVD"
"RU","KURGAN","RU-KGN"
"RU","KURSK","RU-KRS"
"RU","LENINGRAD","RU-LEN"
"RU","LIPETSK","RU-LIP"
"RU","MAGADAN","RU-MAG"
"RU","MARIY-EL","RU-ME"
"RU","MORDOVIA","RU-MO"
"RU","MOSKVA","RU-MOW"
"RU","KRASNOYARSKIY KRAY","RU-KDA"
"RU","KOSTROMA","RU-KOS"
"RU","KARACHAY-CHERKESS","RU-KC"
"RU","KARELIA","RU-KR"
"RU","KEMEROVO","RU-KEM"
"RU","KHABAROVSK","RU-KHA"
"RU","KHAKASS","RU-KK"
"RU","KHANTY-MANSIY","RU-KHM"
"RU","KIROV","RU-KIR"
"RU","KOMI","RU-KO"
"RW","SUD","RW-05"
"RW","OUEST","RW-04"
"RW","NORD","RW-03"
"RW","KIGALI","RW-01"
"RW","EST","RW-02"
"SA","AL BAHAH","SA-11"
"SA","AL HUDUD ASH SHAMALIYAH","SA-08"
"SA","AL JAWF","SA-12"
"SA","AL MADINAH","SA-03"
"SA","TABUK","SA-07"
"SA","NAJRAN","SA-10"
"SA","MAKKAH","SA-02"
"SA","JIZAN","SA-09"
"SA","HA'IL","SA-06"
"SA","ASIR","SA-14"
"SA","ASH SHARQIYAH","SA-04"
"SA","AR RIYAD","SA-01"
"SA","AL QASIM","SA-05"
"SB","WESTERN","SB-WE"
"SB","MALAITA","SB-ML"
"SB","MAKIRA","SB-MK"
"SB","ISABEL","SB-IS"
"SB","GUADALCANAL","SB-GU"
"SB","CENTRAL","SB-CE"
"SC","ENGLISH RIVER","SC-16"
"SD","RIVER NILE","SD-NR"
"SD","SENNAR","SD-SI"
"SD","SOUTH DARFUR","SD-DS"
"SD","SOUTH KORDUFAN","SD-KS"
"SD","WEST DARFUR","SD-DW"
"SD","WHITE NILE","SD-NW"
"SD","RED SEA","SD-RS"
"SD","NORTHERN","SD-NO"
"SD","NORTH KORDUFAN","SD-KN"
"SD","BLUE NILE","SD-NB"
"SD","GEDARIF","SD-GD"
"SD","GEZIRA","SD-GZ"
"SD","KASSALA","SD-KA"
"SD","KHARTOUM","SD-KH"
"SD","NORTH DARFUR","SD-DN"
"SE","SKANE LAN","SE-M"
"SE","SODERMANLANDS LAN","SE-D"
"SE","STOCKHOLMS LAN","SE-AB"
"SE","UPPSALA LAN","SE-C"
"SE","VARMLANDS LAN","SE-S"
"SE","VASTERBOTTENS LAN","SE-AC"
"SE","VASTERNORRLANDS LAN","SE-Y"
"SE","VASTMANLANDS LAN","SE-U"
"SE","VASTRA GOTALAND","SE-O"
"SE","OSTERGOTLANDS LAN","SE-E"
"SE","OREBRO LAN","SE-T"
"SE","NORRBOTTENS LAN","SE-BD"
"SE","BLEKINGE LAN","SE-K"
"SE","DALARNAS LAN","SE-W"
"SE","GAVLEBORGS LAN","SE-X"
"SE","GOTLANDS LAN","SE-I"
"SE","HALLANDS LAN","SE-N"
"SE","JAMTLANDS LAN","SE-Z"
"SE","JONKOPINGS LAN","SE-F"
"SE","KALMAR LAN","SE-H"
"SE","KRONOBERGS LAN","SE-G"
"SG","SINGAPORE","SG-01"
"SH","TRISTAN DA CUNHA","SH-TA"
"SH","SAINT HELENA","SH-HL"
"SH","ASCENSION","SH-AC"
"SI","RACAM","SI-098"
"SI","RADECE","SI-099"
"SI","RADENCI","SI-100"
"SI","RADLJE OB DRAVI","SI-101"
"SI","RADOVLJICA","SI-102"
"SI","RAVNE NA KOROSKEM","SI-103"
"SI","RIBNICA","SI-104"
"SI","ROGASKA SLATINA","SI-106"
"SI","RUSE","SI-108"
"SI","SEMPETER-VRTOJBA","SI-183"
"SI","SENCUR","SI-117"
"SI","SENTILJ","SI-118"
"SI","PTUJ","SI-096"
"SI","PREVALJE","SI-175"
"SI","MUTA","SI-081"
"SI","NOVA GORICA","SI-084"
"SI","NOVO MESTO","SI-085"
"SI","ODRANCI","SI-086"
"SI","OPLOTNICA","SI-171"
"SI","ORMOZ","SI-087"
"SI","PIRAN","SI-090"
"SI","PIVKA","SI-091"
"SI","POLJCANE","SI-200"
"SI","POLZELA","SI-173"
"SI","POSTOJNA","SI-094"
"SI","PREBOLD","SI-174"
"SI","SENTJUR PRI CELJU","SI-120"
"SI","SEVNICA","SI-110"
"SI","SEZANA","SI-111"
"SI","VELENJE","SI-133"
"SI","VIPAVA","SI-136"
"SI","VODICE","SI-138"
"SI","VOJNIK","SI-139"
"SI","VRHNIKA","SI-140"
"SI","VUZENICA","SI-141"
"SI","ZAGORJE OB SAVI","SI-142"
"SI","ZALEC","SI-190"
"SI","ZELEZNIKI","SI-146"
"SI","ZIRI","SI-147"
"SI","ZRECE","SI-144"
"SI","TURNISCE","SI-132"
"SI","TRZIN","SI-186"
"SI","TRZIC","SI-131"
"SI","SKOFJA LOKA","SI-122"
"SI","SKOFLJICA","SI-123"
"SI","SLOVENJ GRADEC","SI-112"
"SI","SLOVENSKA BISTRICA","SI-113"
"SI","SLOVENSKE KONJICE","SI-114"
"SI","SOSTANJ","SI-126"
"SI","STORE","SI-127"
"SI","STRAZA","SI-203"
"SI","TOLMIN","SI-128"
"SI","TRBOVLJE","SI-129"
"SI","TREBNJE","SI-130"
"SI","ZUZEMBERK","SI-193"
"SI","AJDOVSCINA","SI-001"
"SI","DRAVOGRAD","SI-025"
"SI","GORNJA RADGONA","SI-029"
"SI","GROSUPLJE","SI-032"
"SI","HOCE-SLIVNICA","SI-160"
"SI","HORJUL","SI-162"
"SI","HRASTNIK","SI-034"
"SI","IDRIJA","SI-036"
"SI","IG","SI-037"
"SI","ILIRSKA BISTRICA","SI-038"
"SI","IVANCNA GORICA","SI-039"
"SI","IZOLA-ISOLA","SI-040"
"SI","DOMZALE","SI-023"
"SI","DIVACA","SI-019"
"SI","DESTRNIK","SI-018"
"SI","BLED","SI-003"
"SI","BOHINJ","SI-004"
"SI","BOROVNICA","SI-005"
"SI","BOVEC","SI-006"
"SI","BREZICE","SI-009"
"SI","BREZOVICA","SI-008"
"SI","CELJE","SI-011"
"SI","CERKNICA","SI-013"
"SI","CERKNO","SI-014"
"SI","CRENSOVCI","SI-015"
"SI","CRNOMELJ","SI-017"
"SI","JESENICE","SI-041"
"SI","KAMNIK","SI-043"
"SI","KANAL","SI-044"
"SI","LOGATEC","SI-064"
"SI","LOVRENC NA POHORJU","SI-167"
"SI","MARIBOR","SI-070"
"SI","MEDVODE","SI-071"
"SI","MENGES","SI-072"
"SI","METLIKA","SI-073"
"SI","MEZICA","SI-074"
"SI","MIKLAVZ NA DRAVSKEM POLJU","SI-169"
"SI","MIREN-KOSTANJEVICA","SI-075"
"SI","MISLINJA","SI-076"
"SI","MOZIRJE","SI-079"
"SI","MURSKA SOBOTA","SI-080"
"SI","LOG-DRAGOMER","SI-208"
"SI","LJUTOMER","SI-063"
"SI","KIDRICEVO","SI-045"
"SI","KOBARID","SI-046"
"SI","KOCEVJE","SI-048"
"SI","KOPER-CAPODISTRIA","SI-050"
"SI","KRANJ","SI-052"
"SI","KRANJSKA GORA","SI-053"
"SI","KRSKO","SI-054"
"SI","LJUBLJANA","SI-061"
"SI","LITIJA","SI-060"
"SI","LENDAVA","SI-059"
"SI","LENART","SI-058"
"SI","LASKO","SI-057"
"SK","ZILINA","SK-ZI"
"SK","TRNAVA","SK-TA"
"SK","TRENCIN","SK-TC"
"SK","PRESOV","SK-PV"
"SK","NITRA","SK-NI"
"SK","KOSICE","SK-KI"
"SK","BRATISLAVA","SK-BL"
"SK","BANSKA BYSTRICA","SK-BC"
"SL","WESTERN AREA","SL-W"
"SL","SOUTHERN","SL-S"
"SL","NORTHERN","SL-N"
"SL","EASTERN","SL-E"
"SM","SERRAVALLE","SM-09"
"SM","SAN MARINO","SM-07"
"SM","CHIESANUOVA","SM-02"
"SM","ACQUAVIVA","SM-01"
"SN","ZIGUINCHOR","SN-ZG"
"SN","THIES","SN-TH"
"SN","TAMBACOUNDA","SN-TC"
"SN","SEDHIOU","SN-SE"
"SN","SAINT-LOUIS","SN-SL"
"SN","MATAM","SN-MT"
"SN","LOUGA","SN-LG"
"SN","KOLDA","SN-KD"
"SN","DAKAR","SN-DK"
"SN","DIOURBEL","SN-DB"
"SN","FATICK","SN-FK"
"SN","KAFFRINE","SN-KA"
"SN","KAOLACK","SN-KL"
"SN","KEDOUGOU","SN-KE"
"SO","MUDUG","SO-MU"
"SO","NUGAAL","SO-NU"
"SO","SANAAG","SO-SA"
"SO","SHABEELLAHA DHEXE","SO-SD"
"SO","SHABEELLAHA HOOSE","SO-SH"
"SO","SOOL","SO-SO"
"SO","TOGDHEER","SO-TO"
"SO","WOQOOYI GALBEED","SO-WO"
"SO","JUBBADA HOOSE","SO-JH"
"SO","JUBBADA DHEXE","SO-JD"
"SO","AWDAL","SO-AW"
"SO","BAKOOL","SO-BK"
"SO","BANAADIR","SO-BN"
"SO","BARI","SO-BR"
"SO","BAY","SO-BY"
"SO","GALGUDUUD","SO-GA"
"SO","GEDO","SO-GE"
"SO","HIIRAAN","SO-HI"
"SR","WANICA","SR-WA"
"SR","SARAMACCA","SR-SA"
"SR","PARAMARIBO","SR-PM"
"SR","PARA","SR-PR"
"SR","NICKERIE","SR-NI"
"SR","MAROWIJNE","SR-MA"
"SR","CORONIE","SR-CR"
"SR","COMMEWIJNE","SR-CM"
"SR","BROKOPONDO","SR-BR"
"SS","CENTRAL EQUATORIA","SS-EC"
"SS","EASTERN EQUATORIA","SS-EE"
"SS","WESTERN EQUATORIA","SS-EW"
"SS","WESTERN BAHR EL GHAZAL","SS-BW"
"SS","WARRAP","SS-WR"
"SS","UPPER NILE","SS-NU"
"SS","UNITY","SS-UY"
"SS","NORTHERN BAHR EL GHAZAL","SS-BN"
"SS","LAKES","SS-LK"
"SS","JONGLEI","SS-JG"
"ST","SAO TOME","ST-S"
"ST","PRINCIPE","ST-P"
"SV","USULUTAN","SV-US"
"SV","SONSONATE","SV-SO"
"SV","SANTA ANA","SV-SA"
"SV","SAN VICENTE","SV-SV"
"SV","SAN SALVADOR","SV-SS"
"SV","SAN MIGUEL","SV-SM"
"SV","MORAZAN","SV-MO"
"SV","LA UNION","SV-UN"
"SV","AHUACHAPAN","SV-AH"
"SV","CABANAS","SV-CA"
"SV","CHALATENANGO","SV-CH"
"SV","CUSCATLAN","SV-CU"
"SV","LA LIBERTAD","SV-LI"
"SV","LA PAZ","SV-PA"
"SY","HALAB","SY-HL"
"SY","HAMAH","SY-HM"
"SY","HIMS","SY-HI"
"SY","IDLIB","SY-ID"
"SY","RIF DIMASHQ","SY-RD"
"SY","TARTUS","SY-TA"
"SY","DIMASHQ","SY-DI"
"SY","DAYR AZ ZAWR","SY-DY"
"SY","DAR","SY-DR"
"SY","AS SUWAYDA'","SY-SU"
"SY","AR RAQQAH","SY-RA"
"SY","AL QUNAYTIRAH","SY-QU"
"SY","AL LADHIQIYAH","SY-LA"
"SY","AL HASAKAH","SY-HA"
"SZ","SHISELWENI","SZ-SH"
"SZ","MANZINI","SZ-MA"
"SZ","LUBOMBO","SZ-LU"
"SZ","HHOHHO","SZ-HH"
"TD","MAYO-KEBBI EST","TD-ME"
"TD","MAYO-KEBBI OUEST","TD-MO"
"TD","MOYEN-CHARI","TD-MC"
"TD","OUADDAI","TD-OD"
"TD","SALAMAT","TD-SA"
"TD","TANDJILE","TD-TA"
"TD","TIBESTI","TD-TI"
"TD","WADI FIRA","TD-WF"
"TD","MANDOUL","TD-MA"
"TD","LOGONE ORIENTAL","TD-LR"
"TD","LOGONE OCCIDENTAL","TD-LO"
"TD","BARH EL GHAZEL","TD-BG"
"TD","BATHA","TD-BA"
"TD","BORKOU","TD-BO"
"TD","CHARI-BAGUIRMI","TD-CB"
"TD","GUERA","TD-GR"
"TD","HADJER-LAMIS","TD-HL"
"TD","KANEM","TD-KA"
"TD","LAC","TD-LC"
"TG","SAVANES","TG-S"
"TG","PLATEAUX","TG-P"
"TG","MARITIME","TG-M"
"TG","KARA","TG-K"
"TG","CENTRALE","TG-C"
"TH","PRACHUAP KHIRI KHAN","TH-77"
"TH","RANONG","TH-85"
"TH","RATCHABURI","TH-70"
"TH","RAYONG","TH-21"
"TH","ROI ET","TH-45"
"TH","SA KAEO","TH-27"
"TH","SAKON NAKHON","TH-47"
"TH","SAMUT PRAKAN","TH-11"
"TH","PRACHIN BURI","TH-25"
"TH","PHUKET","TH-83"
"TH","PHATTHALUNG","TH-93"
"TH","PHAYAO","TH-56"
"TH","PHETCHABUN","TH-67"
"TH","PHETCHABURI","TH-76"
"TH","PHICHIT","TH-66"
"TH","PHITSANULOK","TH-65"
"TH","PHRA NAKHON SI AYUTTHAYA","TH-14"
"TH","PHRAE","TH-54"
"TH","SAMUT SAKHON","TH-74"
"TH","SAMUT SONGKHRAM","TH-75"
"TH","YALA","TH-95"
"TH","UTTARADIT","TH-53"
"TH","UTHAI THANI","TH-61"
"TH","UDON THANI","TH-41"
"TH","UBON RATCHATHANI","TH-34"
"TH","TRAT","TH-23"
"TH","TRANG","TH-92"
"TH","TAK","TH-63"
"TH","SURIN","TH-32"
"TH","SURAT THANI","TH-84"
"TH","SUPHAN BURI","TH-72"
"TH","SUKHOTHAI","TH-64"
"TH","SONGKHLA","TH-90"
"TH","SISAKET","TH-33"
"TH","SING BURI","TH-17"
"TH","SATUN","TH-91"
"TH","SARABURI","TH-19"
"TH","YASOTHON","TH-35"
"TH","AMNAT CHAROEN","TH-37"
"TH","LAMPANG","TH-52"
"TH","KRUNG THEP","TH-10"
"TH","KRABI","TH-81"
"TH","KHON KAEN","TH-40"
"TH","KANCHANABURI","TH-71"
"TH","KAMPHAENG PHET","TH-62"
"TH","KALASIN","TH-46"
"TH","CHUMPHON","TH-86"
"TH","CHON BURI","TH-20"
"TH","CHIANG RAI","TH-57"
"TH","CHIANG MAI","TH-50"
"TH","CHANTHABURI","TH-22"
"TH","CHAIYAPHUM","TH-36"
"TH","CHAI NAT","TH-18"
"TH","CHACHOENGSAO","TH-24"
"TH","BURIRAM","TH-31"
"TH","ANG THONG","TH-15"
"TH","LAMPHUN","TH-51"
"TH","LOEI","TH-42"
"TH","NAN","TH-55"
"TH","NARATHIWAT","TH-96"
"TH","NONG BUA LAMPHU","TH-39"
"TH","NONG KHAI","TH-43"
"TH","NONTHABURI","TH-12"
"TH","PATHUM THANI","TH-13"
"TH","PATTANI","TH-94"
"TH","PHANGNGA","TH-82"
"TH","NAKHON SI THAMMARAT","TH-80"
"TH","NAKHON SAWAN","TH-60"
"TH","LOP BURI","TH-16"
"TH","MAE HONG SON","TH-58"
"TH","MAHA SARAKHAM","TH-44"
"TH","MUKDAHAN","TH-49"
"TH","NAKHON NAYOK","TH-26"
"TH","NAKHON PATHOM","TH-73"
"TH","NAKHON PHANOM","TH-48"
"TH","NAKHON RATCHASIMA","TH-30"
"TJ","SUGHD","TJ-SU"
"TJ","KUHISTONI BADAKHSHON","TJ-GB"
"TJ","KHATLON","TJ-KT"
"TM","MARY","TM-M"
"TM","LEBAP","TM-L"
"TM","DASHOGUZ","TM-D"
"TM","BALKAN","TM-B"
"TM","AHAL","TM-A"
"TN","MADANIN","TN-82"
"TN","MANOUBA","TN-14"
"TN","NABEUL","TN-21"
"TN","SFAX","TN-61"
"TN","SIDI BOU ZID","TN-43"
"TN","SILIANA","TN-34"
"TN","SOUSSE","TN-51"
"TN","TATAOUINE","TN-83"
"TN","TOZEUR","TN-72"
"TN","TUNIS","TN-11"
"TN","ZAGHOUAN","TN-22"
"TN","KEBILI","TN-73"
"TN","KASSERINE","TN-42"
"TN","AIANA","TN-12"
"TN","AL MAHDIA","TN-53"
"TN","AL MUNASTIR","TN-52"
"TN","BAJAH","TN-31"
"TN","BEN AROUS","TN-13"
"TN","BIZERTE","TN-23"
"TN","EL KEF","TN-33"
"TN","GABES","TN-81"
"TN","GAFSA","TN-71"
"TN","JENDOUBA","TN-32"
"TN","KAIROUAN","TN-41"
"TO","VAVA","TO-05"
"TO","TONGATAPU","TO-04"
"TO","HA","TO-02"
"TR","GUMUSHANE","TR-29"
"TR","GIRESUN","TR-28"
"TR","GAZIANTEP","TR-27"
"TR","ESKISEHIR","TR-26"
"TR","ERZURUM","TR-25"
"TR","ERZINCAN","TR-24"
"TR","ELAZIG","TR-23"
"TR","EDIRNE","TR-22"
"TR","DUZCE","TR-81"
"TR","DIYARBAKIR","TR-21"
"TR","HAKKARI","TR-30"
"TR","HATAY","TR-31"
"TR","KAYSERI","TR-38"
"TR","KASTAMONU","TR-37"
"TR","KARS","TR-36"
"TR","KARAMAN","TR-70"
"TR","KARABUK","TR-78"
"TR","KAHRAMANMARAS","TR-46"
"TR","IZMIR","TR-35"
"TR","ISTANBUL","TR-34"
"TR","ISPARTA","TR-32"
"TR","IGDIR","TR-76"
"TR","DENIZLI","TR-20"
"TR","CORUM","TR-19"
"TR","CANKIRI","TR-18"
"TR","ARTVIN","TR-08"
"TR","ARDAHAN","TR-75"
"TR","ANTALYA","TR-07"
"TR","ANKARA","TR-06"
"TR","AMASYA","TR-05"
"TR","AKSARAY","TR-68"
"TR","AGRI","TR-04"
"TR","AFYONKARAHISAR","TR-03"
"TR","ADIYAMAN","TR-02"
"TR","AYDIN","TR-09"
"TR","BALIKESIR","TR-10"
"TR","BARTIN","TR-74"
"TR","CANAKKALE","TR-17"
"TR","BURSA","TR-16"
"TR","BURDUR","TR-15"
"TR","BOLU","TR-14"
"TR","BITLIS","TR-13"
"TR","BINGOL","TR-12"
"TR","BILECIK","TR-11"
"TR","BAYBURT","TR-69"
"TR","BATMAN","TR-72"
"TR","ADANA","TR-01"
"TR","KILIS","TR-79"
"TR","SAMSUN","TR-55"
"TR","SANLIURFA","TR-63"
"TR","SIIRT","TR-56"
"TR","SINOP","TR-57"
"TR","SIRNAK","TR-73"
"TR","SIVAS","TR-58"
"TR","TEKIRDAG","TR-59"
"TR","TOKAT","TR-60"
"TR","TRABZON","TR-61"
"TR","TUNCELI","TR-62"
"TR","USAK","TR-64"
"TR","VAN","TR-65"
"TR","YALOVA","TR-77"
"TR","YOZGAT","TR-66"
"TR","ZONGULDAK","TR-67"
"TR","SAKARYA","TR-54"
"TR","RIZE","TR-53"
"TR","OSMANIYE","TR-80"
"TR","KIRIKKALE","TR-71"
"TR","KIRKLARELI","TR-39"
"TR","KIRSEHIR","TR-40"
"TR","KOCAELI","TR-41"
"TR","KONYA","TR-42"
"TR","KUTAHYA","TR-43"
"TR","MALATYA","TR-44"
"TR","MANISA","TR-45"
"TR","MARDIN","TR-47"
"TR","ORDU","TR-52"
"TR","NIGDE","TR-51"
"TR","NEVSEHIR","TR-50"
"TR","MUS","TR-49"
"TR","MUGLA","TR-48"
"TR","MERSIN","TR-33"
"TT","ARIMA","TT-ARI"
"TT","MAYARO","TT-RCM"
"TT","PORT-OF-SPAIN","TT-POS"
"TT","SAN FERNANDO","TT-SFO"
"TT","TOBAGO","TT-WTO"
"TW","T'AI-PEI","TW-TPE"
"TW","KAO-HSIUNG","TW-KHH"
"TZ","MWANZA","TZ-18"
"TZ","PEMBA NORTH","TZ-06"
"TZ","PEMBA SOUTH","TZ-10"
"TZ","PWANI","TZ-19"
"TZ","RUKWA","TZ-20"
"TZ","RUVUMA","TZ-21"
"TZ","SHINYANGA","TZ-22"
"TZ","SINGIDA","TZ-23"
"TZ","TABORA","TZ-24"
"TZ","TANGA","TZ-25"
"TZ","ZANZIBAR NORTH","TZ-07"
"TZ","MTWARA","TZ-17"
"TZ","MOROGORO","TZ-16"
"TZ","ARUSHA","TZ-01"
"TZ","DAR ES SALAAM","TZ-02"
"TZ","DODOMA","TZ-03"
"TZ","IRINGA","TZ-04"
"TZ","KAGERA","TZ-05"
"TZ","KIGOMA","TZ-08"
"TZ","KILIMANJARO","TZ-09"
"TZ","LINDI","TZ-12"
"TZ","MANYARA","TZ-26"
"TZ","MARA","TZ-13"
"TZ","MBEYA","TZ-14"
"UA","SEVASTOPOL'","UA-40"
"UA","RIVNENS'KA OBLAST'","UA-56"
"UA","POLTAVS'KA OBLAST'","UA-53"
"UA","ODES'KA OBLAST'","UA-51"
"UA","MYKOLAYIVS'KA OBLAST'","UA-48"
"UA","SUMS'KA OBLAST'","UA-59"
"UA","TERNOPIL'S'KA OBLAST'","UA-61"
"UA","VINNYTS'KA OBLAST'","UA-05"
"UA","VOLYNS'KA OBLAST'","UA-07"
"UA","ZAKARPATS'KA OBLAST'","UA-21"
"UA","ZAPORIZ'KA OBLAST'","UA-23"
"UA","ZHYTOMYRS'KA OBLAST'","UA-18"
"UA","LUHANS'KA OBLAST'","UA-09"
"UA","L'VIVS'KA OBLAST'","UA-46"
"UA","KYYIVS'KA OBLAST'","UA-32"
"UA","CHERKAS'KA OBLAST'","UA-71"
"UA","CHERNIHIVS'KA OBLAST'","UA-74"
"UA","CHERNIVETS'KA OBLAST'","UA-77"
"UA","DNIPROPETROVS'KA OBLAST'","UA-12"
"UA","DONETS'KA OBLAST'","UA-14"
"UA","IVANO-FRANKIVS'KA OBLAST'","UA-26"
"UA","KHARKIVS'KA OBLAST'","UA-63"
"UA","KYYIV","UA-30"
"UA","KRYM","UA-43"
"UA","KIROVOHRADS'KA OBLAST'","UA-35"
"UA","KHMEL'NYTS'KA OBLAST'","UA-68"
"UA","KHERSONS'KA OBLAST'","UA-65"
"UG","MARACHA","UG-320"
"UG","MASAKA","UG-105"
"UG","MASINDI","UG-409"
"UG","MAYUGE","UG-214"
"UG","MBALE","UG-209"
"UG","MBARARA","UG-410"
"UG","MITYANA","UG-114"
"UG","MOROTO","UG-308"
"UG","MANAFWA","UG-221"
"UG","LYANTONDE","UG-116"
"UG","KISORO","UG-408"
"UG","KITGUM","UG-305"
"UG","KOBOKO","UG-316"
"UG","KOTIDO","UG-306"
"UG","KUMI","UG-208"
"UG","KYENJOJO","UG-415"
"UG","LIRA","UG-307"
"UG","LUWERO","UG-104"
"UG","MOYO","UG-309"
"UG","MPIGI","UG-106"
"UG","MUBENDE","UG-107"
"UG","WAKISO","UG-113"
"UG","TORORO","UG-212"
"UG","SOROTI","UG-211"
"UG","SIRONKO","UG-215"
"UG","SEMBABULE","UG-111"
"UG","RUKUNGIRI","UG-412"
"UG","RAKAI","UG-110"
"UG","PALLISA","UG-210"
"UG","PADER","UG-312"
"UG","OYAM","UG-321"
"UG","NTUNGAMO","UG-411"
"UG","NEBBI","UG-310"
"UG","NAMUTUMBA","UG-222"
"UG","NAKASONGOLA","UG-109"
"UG","NAKASEKE","UG-115"
"UG","NAKAPIRIPIRIT","UG-311"
"UG","MUKONO","UG-108"
"UG","YUMBE","UG-313"
"UG","ABIM","UG-317"
"UG","DOKOLO","UG-318"
"UG","BUTALEJA","UG-219"
"UG","BUSIA","UG-202"
"UG","BUSHENYI","UG-402"
"UG","BUNDIBUGYO","UG-401"
"UG","BULISA","UG-419"
"UG","BUKWA","UG-218"
"UG","BUKEDEA","UG-224"
"UG","BUGIRI","UG-201"
"UG","BUDUDA","UG-223"
"UG","BUDAKA","UG-217"
"UG","ARUA","UG-303"
"UG","APAC","UG-302"
"UG","AMURU","UG-319"
"UG","AMURIA","UG-216"
"UG","AMOLATAR","UG-314"
"UG","ADJUMANI","UG-301"
"UG","GULU","UG-304"
"UG","HOIMA","UG-403"
"UG","IGANGA","UG-203"
"UG","KAMWENGE","UG-413"
"UG","KANUNGU","UG-414"
"UG","KAPCHORWA","UG-206"
"UG","KASESE","UG-406"
"UG","KATAKWI","UG-207"
"UG","KAYUNGA","UG-112"
"UG","KIBALE","UG-407"
"UG","KIBOGA","UG-103"
"UG","KAMULI","UG-205"
"UG","KAMPALA","UG-102"
"UG","ISINGIRO","UG-417"
"UG","JINJA","UG-204"
"UG","KAABONG","UG-315"
"UG","KABALE","UG-404"
"UG","KABAROLE","UG-405"
"UG","KABERAMAIDO","UG-213"
"UG","KALANGALA","UG-101"
"UG","KALIRO","UG-220"
"UM","PALMYRA ATOLL","UM-95"
"US","NORTH CAROLINA","US-NC"
"US","NORTH DAKOTA","US-ND"
"US","OHIO","US-OH"
"US","OKLAHOMA","US-OK"
"US","NEW YORK","US-NY"
"US","NEW MEXICO","US-NM"
"US","NEW JERSEY","US-NJ"
"US","NEW HAMPSHIRE","US-NH"
"US","NEVADA","US-NV"
"US","NEBRASKA","US-NE"
"US","MONTANA","US-MT"
"US","OREGON","US-OR"
"US","PENNSYLVANIA","US-PA"
"US","RHODE ISLAND","US-RI"
"US","WISCONSIN","US-WI"
"US","WEST VIRGINIA","US-WV"
"US","WASHINGTON","US-WA"
"US","VIRGINIA","US-VA"
"US","VERMONT","US-VT"
"US","UTAH","US-UT"
"US","TEXAS","US-TX"
"US","TENNESSEE","US-TN"
"US","SOUTH DAKOTA","US-SD"
"US","SOUTH CAROLINA","US-SC"
"US","WYOMING","US-WY"
"US","MISSOURI","US-MO"
"US","MISSISSIPPI","US-MS"
"US","GEORGIA","US-GA"
"US","FLORIDA","US-FL"
"US","DISTRICT OF COLUMBIA","US-DC"
"US","DELAWARE","US-DE"
"US","CONNECTICUT","US-CT"
"US","COLORADO","US-CO"
"US","CALIFORNIA","US-CA"
"US","ARKANSAS","US-AR"
"US","ARIZONA","US-AZ"
"US","ALASKA","US-AK"
"US","ALABAMA","US-AL"
"US","HAWAII","US-HI"
"US","IDAHO","US-ID"
"US","MINNESOTA","US-MN"
"US","MICHIGAN","US-MI"
"US","MASSACHUSETTS","US-MA"
"US","MARYLAND","US-MD"
"US","MAINE","US-ME"
"US","LOUISIANA","US-LA"
"US","KENTUCKY","US-KY"
"US","KANSAS","US-KS"
"US","IOWA","US-IA"
"US","INDIANA","US-IN"
"US","ILLINOIS","US-IL"
"US","AMERICAN SAMOA","US-AS"
"US","GUAM","US-GU"
"US","NORTHERN MARIANA ISLANDS","US-MP"
"US","PUERTO RICO","US-PR"
"US","UNITED STATES MINOR OUTLYING ISLANDS","US-UM"
"US","VIRGIN ISLANDS, U.S.","US-VI"
"UY","ARTIGAS","UY-AR"
"UY","CANELONES","UY-CA"
"UY","CERRO LARGO","UY-CL"
"UY","COLONIA","UY-CO"
"UY","TREINTA Y TRES","UY-TT"
"UY","TACUAREMBO","UY-TA"
"UY","SORIANO","UY-SO"
"UY","SAN JOSE","UY-SJ"
"UY","SALTO","UY-SA"
"UY","ROCHA","UY-RO"
"UY","RIVERA","UY-RV"
"UY","RIO NEGRO","UY-RN"
"UY","PAYSANDU","UY-PA"
"UY","DURAZNO","UY-DU"
"UY","FLORES","UY-FS"
"UY","FLORIDA","UY-FD"
"UY","LAVALLEJA","UY-LA"
"UY","MALDONADO","UY-MA"
"UY","MONTEVIDEO","UY-MO"
"UZ","TOSHKENT","UZ-TO"
"UZ","SURKHONDARYO","UZ-SU"
"UZ","SIRDARYO","UZ-SI"
"UZ","SAMARQAND","UZ-SA"
"UZ","QORAQALPOGHISTON","UZ-QR"
"UZ","QASHQADARYO","UZ-QA"
"UZ","NAWOIY","UZ-NW"
"UZ","NAMANGAN","UZ-NG"
"UZ","JIZZAX","UZ-JI"
"UZ","FARGHONA","UZ-FA"
"UZ","BUKHORO","UZ-BU"
"UZ","ANDIJON","UZ-AN"
"VC","SAINT GEORGE","VC-04"
"VC","CHARLOTTE","VC-01"
"VE","MERIDA","VE-L"
"VE","MIRANDA","VE-M"
"VE","MONAGAS","VE-N"
"VE","NUEVA ESPARTA","VE-O"
"VE","PORTUGUESA","VE-P"
"VE","SUCRE","VE-R"
"VE","TACHIRA","VE-S"
"VE","TRUJILLO","VE-T"
"VE","VARGAS","VE-X"
"VE","YARACUY","VE-U"
"VE","ZULIA","VE-V"
"VE","LARA","VE-K"
"VE","GUARICO","VE-J"
"VE","AMAZONAS","VE-Z"
"VE","ANZOATEGUI","VE-B"
"VE","APURE","VE-C"
"VE","ARAGUA","VE-D"
"VE","BARINAS","VE-E"
"VE","BOLIVAR","VE-F"
"VE","CARABOBO","VE-G"
"VE","COJEDES","VE-H"
"VE","DELTA AMACURO","VE-Y"
"VE","DISTRITO FEDERAL","VE-A"
"VE","FALCON","VE-I"
"VN","PHU YEN","VN-32"
"VN","QUANG BINH","VN-24"
"VN","QUANG NAM","VN-27"
"VN","QUANG NGAI","VN-29"
"VN","PHU THO","VN-68"
"VN","NINH THUAN","VN-36"
"VN","NINH BINH","VN-18"
"VN","NGHE AN","VN-22"
"VN","NAM DINH","VN-67"
"VN","LONG AN","VN-41"
"VN","LAO CAI","VN-02"
"VN","QUANG NINH","VN-13"
"VN","QUANG TRI","VN-25"
"VN","SOC TRANG","VN-52"
"VN","VINH PHU","VN-70"
"VN","VINH LONG","VN-49"
"VN","TUYEN QUANG","VN-07"
"VN","TRA VINH","VN-51"
"VN","TIEN GIANG","VN-46"
"VN","THUA THIEN","VN-26"
"VN","THANH HOA","VN-21"
"VN","THAI NGUYEN","VN-69"
"VN","THAI BINH","VN-20"
"VN","TAY NINH","VN-37"
"VN","SON LA","VN-05"
"VN","LANG SON","VN-09"
"VN","LAM DONG","VN-35"
"VN","AN GIANG","VN-44"
"VN","DONG THAP","VN-45"
"VN","DONG NAI","VN-39"
"VN","DIEN BIEN","VN-71"
"VN","DAK LAK","VN-33"
"VN","DA NANG","VN-DN"
"VN","CAO BANG","VN-04"
"VN","CAN THO","VN-CT"
"VN","BINH THUAN","VN-57"
"VN","BINH DINH","VN-31"
"VN","BEN TRE","VN-50"
"VN","BA RIA-VUNG TAU","VN-43"
"VN","HA GIANG","VN-03"
"VN","HA NAM","VN-63"
"VN","LAI CHAU","VN-01"
"VN","KON TUM","VN-28"
"VN","KIEN GIANG","VN-47"
"VN","KHANH HOA","VN-34"
"VN","HUNG YEN","VN-66"
"VN","HOA BINH","VN-14"
"VN","HO CHI MINH","VN-SG"
"VN","HAI PHONG","VN-HP"
"VN","HAI DUONG","VN-61"
"VN","HA TINH","VN-23"
"VN","HA TAY","VN-15"
"VN","HA NOI","VN-HN"
"VU","TORBA","VU-TOB"
"VU","TAFEA","VU-TAE"
"VU","SHEFA","VU-SEE"
"VU","SANMA","VU-SAM"
"VU","MALAMPA","VU-MAP"
"WS","TUAMASAGA","WS-TU"
"WS","PALAULI","WS-PA"
"WS","GAGAIFOMAUGA","WS-GI"
"WS","ATUA","WS-AT"
"WS","A'ANA","WS-AA"
"YE","HAJJAH","YE-HJ"
"YE","IBB","YE-IB"
"YE","LAHIJ","YE-LA"
"YE","MA'RIB","YE-MA"
"YE","MUHAFAZAT RAYMAH","YE-RA"
"YE","SA'DAH","YE-SD"
"YE","SAN'A'","YE-SN"
"YE","SHABWAH","YE-SH"
"YE","TAIZZ","YE-TA"
"YE","HADRAMAWT","YE-HD"
"YE","DHAMAR","YE-DH"
"YE","ABYAN","YE-AB"
"YE","AD DALI","YE-DA"
"YE","ADAN","YE-AD"
"YE","AL BAYDA'","YE-BA"
"YE","AL HUDAYDAH","YE-HU"
"YE","AL JAWF","YE-JA"
"YE","AL MAHRAH","YE-MR"
"YE","AL MAHWIT","YE-MW"
"YE","AMRAN","YE-AM"
"ZA","WESTERN CAPE","ZA-WC"
"ZA","NORTHERN CAPE","ZA-NC"
"ZA","NORTH-WEST","ZA-NW"
"ZA","MPUMALANGA","ZA-MP"
"ZA","LIMPOPO","ZA-LP"
"ZA","KWAZULU-NATAL","ZA-NL"
"ZA","GAUTENG","ZA-GT"
"ZA","FREE STATE","ZA-FS"
"ZA","EASTERN CAPE","ZA-EC"
"ZM","WESTERN","ZM-01"
"ZM","SOUTHERN","ZM-07"
"ZM","NORTHERN","ZM-05"
"ZM","NORTH-WESTERN","ZM-06"
"ZM","LUSAKA","ZM-09"
"ZM","LUAPULA","ZM-04"
"ZM","EASTERN","ZM-03"
"ZM","COPPERBELT","ZM-08"
"ZM","CENTRAL","ZM-02"
"ZW","MATABELELAND SOUTH","ZW-MS"
"ZW","MATABELELAND NORTH","ZW-MN"
"ZW","MASVINGO","ZW-MV"
"ZW","MASHONALAND WEST","ZW-MW"
"ZW","MASHONALAND EAST","ZW-ME"
"ZW","MASHONALAND CENTRAL","ZW-MC"
"ZW","MANICALAND","ZW-MA"
"ZW","HARARE","ZW-HA"
"ZW","BULAWAYO","ZW-BU"
"ZW","MIDLANDS","ZW-MI"
